2024-08-24T13:19:50.909+05:30  INFO 21948 --- [StockMarket] [main] S.B.StockMarket.StockMarketApplication   : Starting StockMarketApplication using Java 18.0.2.1 with PID 21948 (E:\CDAC\Projects\STOCK_Market\StockMarket\target\classes started by lenovo in E:\CDAC\Projects\STOCK_Market\StockMarket)
2024-08-24T13:19:50.976+05:30  INFO 21948 --- [StockMarket] [main] S.B.StockMarket.StockMarketApplication   : No active profile set, falling back to 1 default profile: "default"
2024-08-24T13:19:53.830+05:30  INFO 21948 --- [StockMarket] [main] .s.d.r.c.RepositoryConfigurationDelegate : Bootstrapping Spring Data JDBC repositories in DEFAULT mode.
2024-08-24T13:19:54.137+05:30  INFO 21948 --- [StockMarket] [main] .s.d.r.c.RepositoryConfigurationDelegate : Finished Spring Data repository scanning in 170 ms. Found 0 JDBC repository interfaces.
2024-08-24T13:19:55.897+05:30  INFO 21948 --- [StockMarket] [main] o.s.b.w.embedded.tomcat.TomcatWebServer  : Tomcat initialized with port 8080 (http)
2024-08-24T13:19:55.931+05:30  INFO 21948 --- [StockMarket] [main] o.apache.catalina.core.StandardService   : Starting service [Tomcat]
2024-08-24T13:19:55.932+05:30  INFO 21948 --- [StockMarket] [main] o.apache.catalina.core.StandardEngine    : Starting Servlet engine: [Apache Tomcat/10.1.28]
2024-08-24T13:19:56.144+05:30  INFO 21948 --- [StockMarket] [main] o.a.c.c.C.[Tomcat].[localhost].[/]       : Initializing Spring embedded WebApplicationContext
2024-08-24T13:19:56.145+05:30  INFO 21948 --- [StockMarket] [main] w.s.c.ServletWebServerApplicationContext : Root WebApplicationContext: initialization completed in 5013 ms
2024-08-24T13:19:56.815+05:30  INFO 21948 --- [StockMarket] [main] r$InitializeUserDetailsManagerConfigurer : Global AuthenticationManager configured with UserDetailsService bean with name userDetailsService
2024-08-24T13:19:57.306+05:30 DEBUG 21948 --- [StockMarket] [main] o.s.s.web.DefaultSecurityFilterChain     : Will secure any request with filters: DisableEncodeUrlFilter, WebAsyncManagerIntegrationFilter, SecurityContextHolderFilter, HeaderWriterFilter, LogoutFilter, UsernamePasswordAuthenticationFilter, RequestCacheAwareFilter, SecurityContextHolderAwareRequestFilter, AnonymousAuthenticationFilter, ExceptionTranslationFilter, AuthorizationFilter
2024-08-24T13:19:57.567+05:30  WARN 21948 --- [StockMarket] [main] ion$DefaultTemplateResolverConfiguration : Cannot find template location: classpath:/templates/ (please add some templates, check your Thymeleaf configuration, or set spring.thymeleaf.check-template-location=false)
2024-08-24T13:19:57.666+05:30  INFO 21948 --- [StockMarket] [main] com.zaxxer.hikari.HikariDataSource       : HikariPool-1 - Starting...
2024-08-24T13:19:58.654+05:30  INFO 21948 --- [StockMarket] [main] com.zaxxer.hikari.pool.HikariPool        : HikariPool-1 - Added connection com.mysql.cj.jdbc.ConnectionImpl@4bbf38b8
2024-08-24T13:19:58.659+05:30  INFO 21948 --- [StockMarket] [main] com.zaxxer.hikari.HikariDataSource       : HikariPool-1 - Start completed.
2024-08-24T13:19:59.996+05:30  INFO 21948 --- [StockMarket] [main] o.s.b.w.embedded.tomcat.TomcatWebServer  : Tomcat started on port 8080 (http) with context path '/'
2024-08-24T13:20:00.022+05:30  INFO 21948 --- [StockMarket] [main] S.B.StockMarket.StockMarketApplication   : Started StockMarketApplication in 10.875 seconds (process running for 13.781)
2024-08-24T13:21:57.039+05:30  INFO 21948 --- [StockMarket] [http-nio-8080-exec-1] o.a.c.c.C.[Tomcat].[localhost].[/]       : Initializing Spring DispatcherServlet 'dispatcherServlet'
2024-08-24T13:21:57.047+05:30  INFO 21948 --- [StockMarket] [http-nio-8080-exec-1] o.s.web.servlet.DispatcherServlet        : Initializing Servlet 'dispatcherServlet'
2024-08-24T13:21:57.069+05:30  INFO 21948 --- [StockMarket] [http-nio-8080-exec-1] o.s.web.servlet.DispatcherServlet        : Completed initialization in 22 ms
2024-08-24T13:21:57.122+05:30 DEBUG 21948 --- [StockMarket] [http-nio-8080-exec-1] o.s.security.web.FilterChainProxy        : Securing POST /stockmarket/create
2024-08-24T13:21:57.139+05:30 DEBUG 21948 --- [StockMarket] [http-nio-8080-exec-1] o.s.s.w.a.AnonymousAuthenticationFilter  : Set SecurityContextHolder to anonymous SecurityContext
2024-08-24T13:21:57.254+05:30 DEBUG 21948 --- [StockMarket] [http-nio-8080-exec-1] o.s.s.w.s.HttpSessionRequestCache        : Saved request http://localhost:8080/stockmarket/create?continue to session
2024-08-24T13:21:57.256+05:30 DEBUG 21948 --- [StockMarket] [http-nio-8080-exec-1] o.s.s.web.DefaultRedirectStrategy        : Redirecting to http://localhost:8080/login
2024-08-24T13:21:57.303+05:30 DEBUG 21948 --- [StockMarket] [http-nio-8080-exec-3] o.s.security.web.FilterChainProxy        : Securing GET /login
2024-08-24T13:21:57.304+05:30 DEBUG 21948 --- [StockMarket] [http-nio-8080-exec-3] o.s.security.web.FilterChainProxy        : Secured GET /login
2024-08-24T13:21:57.332+05:30 DEBUG 21948 --- [StockMarket] [http-nio-8080-exec-3] o.s.s.w.a.AnonymousAuthenticationFilter  : Set SecurityContextHolder to anonymous SecurityContext
2024-08-24T13:21:57.348+05:30 DEBUG 21948 --- [StockMarket] [http-nio-8080-exec-3] o.s.security.web.FilterChainProxy        : Securing GET /error
2024-08-24T13:21:57.349+05:30 DEBUG 21948 --- [StockMarket] [http-nio-8080-exec-3] o.s.s.w.a.AnonymousAuthenticationFilter  : Set SecurityContextHolder to anonymous SecurityContext
2024-08-24T13:21:57.354+05:30 DEBUG 21948 --- [StockMarket] [http-nio-8080-exec-3] o.s.s.w.s.HttpSessionRequestCache        : Saved request http://localhost:8080/error?continue to session
2024-08-24T13:21:57.354+05:30 DEBUG 21948 --- [StockMarket] [http-nio-8080-exec-3] o.s.s.web.DefaultRedirectStrategy        : Redirecting to http://localhost:8080/login
2024-08-24T13:21:57.363+05:30 DEBUG 21948 --- [StockMarket] [http-nio-8080-exec-3] o.s.security.web.FilterChainProxy        : Securing GET /login
2024-08-24T13:21:57.365+05:30 DEBUG 21948 --- [StockMarket] [http-nio-8080-exec-3] o.s.security.web.FilterChainProxy        : Secured GET /login
2024-08-24T13:21:57.367+05:30 DEBUG 21948 --- [StockMarket] [http-nio-8080-exec-3] o.s.s.w.a.AnonymousAuthenticationFilter  : Set SecurityContextHolder to anonymous SecurityContext
2024-08-24T13:21:57.371+05:30 DEBUG 21948 --- [StockMarket] [http-nio-8080-exec-3] o.s.security.web.FilterChainProxy        : Securing GET /error
2024-08-24T13:21:57.372+05:30 DEBUG 21948 --- [StockMarket] [http-nio-8080-exec-3] o.s.s.w.a.AnonymousAuthenticationFilter  : Set SecurityContextHolder to anonymous SecurityContext
2024-08-24T13:21:57.373+05:30 DEBUG 21948 --- [StockMarket] [http-nio-8080-exec-3] o.s.s.w.s.HttpSessionRequestCache        : Saved request http://localhost:8080/error?continue to session
2024-08-24T13:21:57.374+05:30 DEBUG 21948 --- [StockMarket] [http-nio-8080-exec-3] o.s.s.web.DefaultRedirectStrategy        : Redirecting to http://localhost:8080/login
2024-08-24T13:21:57.382+05:30 DEBUG 21948 --- [StockMarket] [http-nio-8080-exec-4] o.s.security.web.FilterChainProxy        : Securing GET /login
2024-08-24T13:21:57.383+05:30 DEBUG 21948 --- [StockMarket] [http-nio-8080-exec-4] o.s.security.web.FilterChainProxy        : Secured GET /login
2024-08-24T13:21:57.385+05:30 DEBUG 21948 --- [StockMarket] [http-nio-8080-exec-4] o.s.s.w.a.AnonymousAuthenticationFilter  : Set SecurityContextHolder to anonymous SecurityContext
2024-08-24T13:21:57.388+05:30 DEBUG 21948 --- [StockMarket] [http-nio-8080-exec-4] o.s.security.web.FilterChainProxy        : Securing GET /error
2024-08-24T13:21:57.388+05:30 DEBUG 21948 --- [StockMarket] [http-nio-8080-exec-4] o.s.s.w.a.AnonymousAuthenticationFilter  : Set SecurityContextHolder to anonymous SecurityContext
2024-08-24T13:21:57.389+05:30 DEBUG 21948 --- [StockMarket] [http-nio-8080-exec-4] o.s.s.w.s.HttpSessionRequestCache        : Saved request http://localhost:8080/error?continue to session
2024-08-24T13:21:57.398+05:30 DEBUG 21948 --- [StockMarket] [http-nio-8080-exec-4] o.s.s.web.DefaultRedirectStrategy        : Redirecting to http://localhost:8080/login
2024-08-24T13:21:57.410+05:30 DEBUG 21948 --- [StockMarket] [http-nio-8080-exec-4] o.s.security.web.FilterChainProxy        : Securing GET /login
2024-08-24T13:21:57.411+05:30 DEBUG 21948 --- [StockMarket] [http-nio-8080-exec-4] o.s.security.web.FilterChainProxy        : Secured GET /login
2024-08-24T13:21:57.415+05:30 DEBUG 21948 --- [StockMarket] [http-nio-8080-exec-4] o.s.s.w.a.AnonymousAuthenticationFilter  : Set SecurityContextHolder to anonymous SecurityContext
2024-08-24T13:21:57.415+05:30 DEBUG 21948 --- [StockMarket] [http-nio-8080-exec-4] o.s.security.web.FilterChainProxy        : Securing GET /error
2024-08-24T13:21:57.417+05:30 DEBUG 21948 --- [StockMarket] [http-nio-8080-exec-4] o.s.s.w.a.AnonymousAuthenticationFilter  : Set SecurityContextHolder to anonymous SecurityContext
2024-08-24T13:21:57.418+05:30 DEBUG 21948 --- [StockMarket] [http-nio-8080-exec-4] o.s.s.w.s.HttpSessionRequestCache        : Saved request http://localhost:8080/error?continue to session
2024-08-24T13:21:57.419+05:30 DEBUG 21948 --- [StockMarket] [http-nio-8080-exec-4] o.s.s.web.DefaultRedirectStrategy        : Redirecting to http://localhost:8080/login
2024-08-24T13:21:57.423+05:30 DEBUG 21948 --- [StockMarket] [http-nio-8080-exec-5] o.s.security.web.FilterChainProxy        : Securing GET /login
2024-08-24T13:21:57.423+05:30 DEBUG 21948 --- [StockMarket] [http-nio-8080-exec-5] o.s.security.web.FilterChainProxy        : Secured GET /login
2024-08-24T13:21:57.429+05:30 DEBUG 21948 --- [StockMarket] [http-nio-8080-exec-5] o.s.s.w.a.AnonymousAuthenticationFilter  : Set SecurityContextHolder to anonymous SecurityContext
2024-08-24T13:21:57.433+05:30 DEBUG 21948 --- [StockMarket] [http-nio-8080-exec-5] o.s.security.web.FilterChainProxy        : Securing GET /error
2024-08-24T13:21:57.434+05:30 DEBUG 21948 --- [StockMarket] [http-nio-8080-exec-5] o.s.s.w.a.AnonymousAuthenticationFilter  : Set SecurityContextHolder to anonymous SecurityContext
2024-08-24T13:21:57.435+05:30 DEBUG 21948 --- [StockMarket] [http-nio-8080-exec-5] o.s.s.w.s.HttpSessionRequestCache        : Saved request http://localhost:8080/error?continue to session
2024-08-24T13:21:57.435+05:30 DEBUG 21948 --- [StockMarket] [http-nio-8080-exec-5] o.s.s.web.DefaultRedirectStrategy        : Redirecting to http://localhost:8080/login
2024-08-24T13:21:57.447+05:30 DEBUG 21948 --- [StockMarket] [http-nio-8080-exec-6] o.s.security.web.FilterChainProxy        : Securing GET /login
2024-08-24T13:21:57.447+05:30 DEBUG 21948 --- [StockMarket] [http-nio-8080-exec-6] o.s.security.web.FilterChainProxy        : Secured GET /login
2024-08-24T13:21:57.450+05:30 DEBUG 21948 --- [StockMarket] [http-nio-8080-exec-6] o.s.s.w.a.AnonymousAuthenticationFilter  : Set SecurityContextHolder to anonymous SecurityContext
2024-08-24T13:21:57.452+05:30 DEBUG 21948 --- [StockMarket] [http-nio-8080-exec-6] o.s.security.web.FilterChainProxy        : Securing GET /error
2024-08-24T13:21:57.453+05:30 DEBUG 21948 --- [StockMarket] [http-nio-8080-exec-6] o.s.s.w.a.AnonymousAuthenticationFilter  : Set SecurityContextHolder to anonymous SecurityContext
2024-08-24T13:21:57.454+05:30 DEBUG 21948 --- [StockMarket] [http-nio-8080-exec-6] o.s.s.w.s.HttpSessionRequestCache        : Saved request http://localhost:8080/error?continue to session
2024-08-24T13:21:57.456+05:30 DEBUG 21948 --- [StockMarket] [http-nio-8080-exec-6] o.s.s.web.DefaultRedirectStrategy        : Redirecting to http://localhost:8080/login
2024-08-24T13:21:57.464+05:30 DEBUG 21948 --- [StockMarket] [http-nio-8080-exec-6] o.s.security.web.FilterChainProxy        : Securing GET /login
2024-08-24T13:21:57.464+05:30 DEBUG 21948 --- [StockMarket] [http-nio-8080-exec-6] o.s.security.web.FilterChainProxy        : Secured GET /login
2024-08-24T13:21:57.469+05:30 DEBUG 21948 --- [StockMarket] [http-nio-8080-exec-6] o.s.s.w.a.AnonymousAuthenticationFilter  : Set SecurityContextHolder to anonymous SecurityContext
2024-08-24T13:21:57.471+05:30 DEBUG 21948 --- [StockMarket] [http-nio-8080-exec-6] o.s.security.web.FilterChainProxy        : Securing GET /error
2024-08-24T13:21:57.471+05:30 DEBUG 21948 --- [StockMarket] [http-nio-8080-exec-6] o.s.s.w.a.AnonymousAuthenticationFilter  : Set SecurityContextHolder to anonymous SecurityContext
2024-08-24T13:21:57.477+05:30 DEBUG 21948 --- [StockMarket] [http-nio-8080-exec-6] o.s.s.w.s.HttpSessionRequestCache        : Saved request http://localhost:8080/error?continue to session
2024-08-24T13:21:57.478+05:30 DEBUG 21948 --- [StockMarket] [http-nio-8080-exec-6] o.s.s.web.DefaultRedirectStrategy        : Redirecting to http://localhost:8080/login
2024-08-24T13:21:57.488+05:30 DEBUG 21948 --- [StockMarket] [http-nio-8080-exec-8] o.s.security.web.FilterChainProxy        : Securing GET /login
2024-08-24T13:21:57.488+05:30 DEBUG 21948 --- [StockMarket] [http-nio-8080-exec-8] o.s.security.web.FilterChainProxy        : Secured GET /login
2024-08-24T13:21:57.489+05:30 DEBUG 21948 --- [StockMarket] [http-nio-8080-exec-8] o.s.s.w.a.AnonymousAuthenticationFilter  : Set SecurityContextHolder to anonymous SecurityContext
2024-08-24T13:21:57.496+05:30 DEBUG 21948 --- [StockMarket] [http-nio-8080-exec-8] o.s.security.web.FilterChainProxy        : Securing GET /error
2024-08-24T13:21:57.497+05:30 DEBUG 21948 --- [StockMarket] [http-nio-8080-exec-8] o.s.s.w.a.AnonymousAuthenticationFilter  : Set SecurityContextHolder to anonymous SecurityContext
2024-08-24T13:21:57.501+05:30 DEBUG 21948 --- [StockMarket] [http-nio-8080-exec-8] o.s.s.w.s.HttpSessionRequestCache        : Saved request http://localhost:8080/error?continue to session
2024-08-24T13:21:57.503+05:30 DEBUG 21948 --- [StockMarket] [http-nio-8080-exec-8] o.s.s.web.DefaultRedirectStrategy        : Redirecting to http://localhost:8080/login
2024-08-24T13:21:57.510+05:30 DEBUG 21948 --- [StockMarket] [http-nio-8080-exec-8] o.s.security.web.FilterChainProxy        : Securing GET /login
2024-08-24T13:21:57.510+05:30 DEBUG 21948 --- [StockMarket] [http-nio-8080-exec-8] o.s.security.web.FilterChainProxy        : Secured GET /login
2024-08-24T13:21:57.522+05:30 DEBUG 21948 --- [StockMarket] [http-nio-8080-exec-8] o.s.s.w.a.AnonymousAuthenticationFilter  : Set SecurityContextHolder to anonymous SecurityContext
2024-08-24T13:21:57.529+05:30 DEBUG 21948 --- [StockMarket] [http-nio-8080-exec-8] o.s.security.web.FilterChainProxy        : Securing GET /error
2024-08-24T13:21:57.530+05:30 DEBUG 21948 --- [StockMarket] [http-nio-8080-exec-8] o.s.s.w.a.AnonymousAuthenticationFilter  : Set SecurityContextHolder to anonymous SecurityContext
2024-08-24T13:21:57.535+05:30 DEBUG 21948 --- [StockMarket] [http-nio-8080-exec-8] o.s.s.w.s.HttpSessionRequestCache        : Saved request http://localhost:8080/error?continue to session
2024-08-24T13:21:57.538+05:30 DEBUG 21948 --- [StockMarket] [http-nio-8080-exec-8] o.s.s.web.DefaultRedirectStrategy        : Redirecting to http://localhost:8080/login
2024-08-24T13:21:57.552+05:30 DEBUG 21948 --- [StockMarket] [http-nio-8080-exec-9] o.s.security.web.FilterChainProxy        : Securing GET /login
2024-08-24T13:21:57.553+05:30 DEBUG 21948 --- [StockMarket] [http-nio-8080-exec-9] o.s.security.web.FilterChainProxy        : Secured GET /login
2024-08-24T13:21:57.556+05:30 DEBUG 21948 --- [StockMarket] [http-nio-8080-exec-9] o.s.s.w.a.AnonymousAuthenticationFilter  : Set SecurityContextHolder to anonymous SecurityContext
2024-08-24T13:21:57.561+05:30 DEBUG 21948 --- [StockMarket] [http-nio-8080-exec-9] o.s.security.web.FilterChainProxy        : Securing GET /error
2024-08-24T13:21:57.562+05:30 DEBUG 21948 --- [StockMarket] [http-nio-8080-exec-9] o.s.s.w.a.AnonymousAuthenticationFilter  : Set SecurityContextHolder to anonymous SecurityContext
2024-08-24T13:21:57.564+05:30 DEBUG 21948 --- [StockMarket] [http-nio-8080-exec-9] o.s.s.w.s.HttpSessionRequestCache        : Saved request http://localhost:8080/error?continue to session
2024-08-24T13:21:57.564+05:30 DEBUG 21948 --- [StockMarket] [http-nio-8080-exec-9] o.s.s.web.DefaultRedirectStrategy        : Redirecting to http://localhost:8080/login
2024-08-24T13:47:32.733+05:30 DEBUG 21948 --- [StockMarket] [http-nio-8080-exec-1] o.s.security.web.FilterChainProxy        : Securing POST /stockmarket/create
2024-08-24T13:47:33.074+05:30 DEBUG 21948 --- [StockMarket] [http-nio-8080-exec-1] o.s.s.w.a.AnonymousAuthenticationFilter  : Set SecurityContextHolder to anonymous SecurityContext
2024-08-24T13:47:33.105+05:30 DEBUG 21948 --- [StockMarket] [http-nio-8080-exec-1] o.s.s.w.s.HttpSessionRequestCache        : Saved request http://localhost:8080/stockmarket/create?continue to session
2024-08-24T13:47:33.106+05:30 DEBUG 21948 --- [StockMarket] [http-nio-8080-exec-1] o.s.s.web.DefaultRedirectStrategy        : Redirecting to http://localhost:8080/login
2024-08-24T13:47:33.150+05:30 DEBUG 21948 --- [StockMarket] [http-nio-8080-exec-3] o.s.security.web.FilterChainProxy        : Securing GET /login
2024-08-24T13:47:33.150+05:30 DEBUG 21948 --- [StockMarket] [http-nio-8080-exec-3] o.s.security.web.FilterChainProxy        : Secured GET /login
2024-08-24T13:47:33.285+05:30 DEBUG 21948 --- [StockMarket] [http-nio-8080-exec-3] o.s.s.w.a.AnonymousAuthenticationFilter  : Set SecurityContextHolder to anonymous SecurityContext
2024-08-24T13:47:33.289+05:30 DEBUG 21948 --- [StockMarket] [http-nio-8080-exec-3] o.s.security.web.FilterChainProxy        : Securing GET /error
2024-08-24T13:47:33.289+05:30 DEBUG 21948 --- [StockMarket] [http-nio-8080-exec-3] o.s.s.w.a.AnonymousAuthenticationFilter  : Set SecurityContextHolder to anonymous SecurityContext
2024-08-24T13:47:33.290+05:30 DEBUG 21948 --- [StockMarket] [http-nio-8080-exec-3] o.s.s.w.s.HttpSessionRequestCache        : Saved request http://localhost:8080/error?continue to session
2024-08-24T13:47:33.290+05:30 DEBUG 21948 --- [StockMarket] [http-nio-8080-exec-3] o.s.s.web.DefaultRedirectStrategy        : Redirecting to http://localhost:8080/login
2024-08-24T13:47:33.296+05:30 DEBUG 21948 --- [StockMarket] [http-nio-8080-exec-3] o.s.security.web.FilterChainProxy        : Securing GET /login
2024-08-24T13:47:33.297+05:30 DEBUG 21948 --- [StockMarket] [http-nio-8080-exec-3] o.s.security.web.FilterChainProxy        : Secured GET /login
2024-08-24T13:47:33.299+05:30 DEBUG 21948 --- [StockMarket] [http-nio-8080-exec-3] o.s.s.w.a.AnonymousAuthenticationFilter  : Set SecurityContextHolder to anonymous SecurityContext
2024-08-24T13:47:33.300+05:30 DEBUG 21948 --- [StockMarket] [http-nio-8080-exec-3] o.s.security.web.FilterChainProxy        : Securing GET /error
2024-08-24T13:47:33.302+05:30 DEBUG 21948 --- [StockMarket] [http-nio-8080-exec-3] o.s.s.w.a.AnonymousAuthenticationFilter  : Set SecurityContextHolder to anonymous SecurityContext
2024-08-24T13:47:33.303+05:30 DEBUG 21948 --- [StockMarket] [http-nio-8080-exec-3] o.s.s.w.s.HttpSessionRequestCache        : Saved request http://localhost:8080/error?continue to session
2024-08-24T13:47:33.303+05:30 DEBUG 21948 --- [StockMarket] [http-nio-8080-exec-3] o.s.s.web.DefaultRedirectStrategy        : Redirecting to http://localhost:8080/login
2024-08-24T13:47:33.312+05:30 DEBUG 21948 --- [StockMarket] [http-nio-8080-exec-4] o.s.security.web.FilterChainProxy        : Securing GET /login
2024-08-24T13:47:33.312+05:30 DEBUG 21948 --- [StockMarket] [http-nio-8080-exec-4] o.s.security.web.FilterChainProxy        : Secured GET /login
2024-08-24T13:47:33.314+05:30 DEBUG 21948 --- [StockMarket] [http-nio-8080-exec-4] o.s.s.w.a.AnonymousAuthenticationFilter  : Set SecurityContextHolder to anonymous SecurityContext
2024-08-24T13:47:33.315+05:30 DEBUG 21948 --- [StockMarket] [http-nio-8080-exec-4] o.s.security.web.FilterChainProxy        : Securing GET /error
2024-08-24T13:47:33.316+05:30 DEBUG 21948 --- [StockMarket] [http-nio-8080-exec-4] o.s.s.w.a.AnonymousAuthenticationFilter  : Set SecurityContextHolder to anonymous SecurityContext
2024-08-24T13:47:33.317+05:30 DEBUG 21948 --- [StockMarket] [http-nio-8080-exec-4] o.s.s.w.s.HttpSessionRequestCache        : Saved request http://localhost:8080/error?continue to session
2024-08-24T13:47:33.317+05:30 DEBUG 21948 --- [StockMarket] [http-nio-8080-exec-4] o.s.s.web.DefaultRedirectStrategy        : Redirecting to http://localhost:8080/login
2024-08-24T13:47:33.323+05:30 DEBUG 21948 --- [StockMarket] [http-nio-8080-exec-5] o.s.security.web.FilterChainProxy        : Securing GET /login
2024-08-24T13:47:33.324+05:30 DEBUG 21948 --- [StockMarket] [http-nio-8080-exec-5] o.s.security.web.FilterChainProxy        : Secured GET /login
2024-08-24T13:47:33.329+05:30 DEBUG 21948 --- [StockMarket] [http-nio-8080-exec-5] o.s.s.w.a.AnonymousAuthenticationFilter  : Set SecurityContextHolder to anonymous SecurityContext
2024-08-24T13:47:33.330+05:30 DEBUG 21948 --- [StockMarket] [http-nio-8080-exec-5] o.s.security.web.FilterChainProxy        : Securing GET /error
2024-08-24T13:47:33.332+05:30 DEBUG 21948 --- [StockMarket] [http-nio-8080-exec-5] o.s.s.w.a.AnonymousAuthenticationFilter  : Set SecurityContextHolder to anonymous SecurityContext
2024-08-24T13:47:33.334+05:30 DEBUG 21948 --- [StockMarket] [http-nio-8080-exec-5] o.s.s.w.s.HttpSessionRequestCache        : Saved request http://localhost:8080/error?continue to session
2024-08-24T13:47:33.334+05:30 DEBUG 21948 --- [StockMarket] [http-nio-8080-exec-5] o.s.s.web.DefaultRedirectStrategy        : Redirecting to http://localhost:8080/login
2024-08-24T13:47:33.340+05:30 DEBUG 21948 --- [StockMarket] [http-nio-8080-exec-7] o.s.security.web.FilterChainProxy        : Securing GET /login
2024-08-24T13:47:33.342+05:30 DEBUG 21948 --- [StockMarket] [http-nio-8080-exec-7] o.s.security.web.FilterChainProxy        : Secured GET /login
2024-08-24T13:47:33.347+05:30 DEBUG 21948 --- [StockMarket] [http-nio-8080-exec-7] o.s.s.w.a.AnonymousAuthenticationFilter  : Set SecurityContextHolder to anonymous SecurityContext
2024-08-24T13:47:33.348+05:30 DEBUG 21948 --- [StockMarket] [http-nio-8080-exec-7] o.s.security.web.FilterChainProxy        : Securing GET /error
2024-08-24T13:47:33.349+05:30 DEBUG 21948 --- [StockMarket] [http-nio-8080-exec-7] o.s.s.w.a.AnonymousAuthenticationFilter  : Set SecurityContextHolder to anonymous SecurityContext
2024-08-24T13:47:33.352+05:30 DEBUG 21948 --- [StockMarket] [http-nio-8080-exec-7] o.s.s.w.s.HttpSessionRequestCache        : Saved request http://localhost:8080/error?continue to session
2024-08-24T13:47:33.352+05:30 DEBUG 21948 --- [StockMarket] [http-nio-8080-exec-7] o.s.s.web.DefaultRedirectStrategy        : Redirecting to http://localhost:8080/login
2024-08-24T13:47:33.357+05:30 DEBUG 21948 --- [StockMarket] [http-nio-8080-exec-6] o.s.security.web.FilterChainProxy        : Securing GET /login
2024-08-24T13:47:33.357+05:30 DEBUG 21948 --- [StockMarket] [http-nio-8080-exec-6] o.s.security.web.FilterChainProxy        : Secured GET /login
2024-08-24T13:47:33.363+05:30 DEBUG 21948 --- [StockMarket] [http-nio-8080-exec-6] o.s.s.w.a.AnonymousAuthenticationFilter  : Set SecurityContextHolder to anonymous SecurityContext
2024-08-24T13:47:33.365+05:30 DEBUG 21948 --- [StockMarket] [http-nio-8080-exec-6] o.s.security.web.FilterChainProxy        : Securing GET /error
2024-08-24T13:47:33.366+05:30 DEBUG 21948 --- [StockMarket] [http-nio-8080-exec-6] o.s.s.w.a.AnonymousAuthenticationFilter  : Set SecurityContextHolder to anonymous SecurityContext
2024-08-24T13:47:33.367+05:30 DEBUG 21948 --- [StockMarket] [http-nio-8080-exec-6] o.s.s.w.s.HttpSessionRequestCache        : Saved request http://localhost:8080/error?continue to session
2024-08-24T13:47:33.367+05:30 DEBUG 21948 --- [StockMarket] [http-nio-8080-exec-6] o.s.s.web.DefaultRedirectStrategy        : Redirecting to http://localhost:8080/login
2024-08-24T13:47:33.370+05:30 DEBUG 21948 --- [StockMarket] [http-nio-8080-exec-8] o.s.security.web.FilterChainProxy        : Securing GET /login
2024-08-24T13:47:33.372+05:30 DEBUG 21948 --- [StockMarket] [http-nio-8080-exec-8] o.s.security.web.FilterChainProxy        : Secured GET /login
2024-08-24T13:47:33.374+05:30 DEBUG 21948 --- [StockMarket] [http-nio-8080-exec-8] o.s.s.w.a.AnonymousAuthenticationFilter  : Set SecurityContextHolder to anonymous SecurityContext
2024-08-24T13:47:33.375+05:30 DEBUG 21948 --- [StockMarket] [http-nio-8080-exec-8] o.s.security.web.FilterChainProxy        : Securing GET /error
2024-08-24T13:47:33.375+05:30 DEBUG 21948 --- [StockMarket] [http-nio-8080-exec-8] o.s.s.w.a.AnonymousAuthenticationFilter  : Set SecurityContextHolder to anonymous SecurityContext
2024-08-24T13:47:33.378+05:30 DEBUG 21948 --- [StockMarket] [http-nio-8080-exec-8] o.s.s.w.s.HttpSessionRequestCache        : Saved request http://localhost:8080/error?continue to session
2024-08-24T13:47:33.379+05:30 DEBUG 21948 --- [StockMarket] [http-nio-8080-exec-8] o.s.s.web.DefaultRedirectStrategy        : Redirecting to http://localhost:8080/login
2024-08-24T13:47:33.383+05:30 DEBUG 21948 --- [StockMarket] [http-nio-8080-exec-9] o.s.security.web.FilterChainProxy        : Securing GET /login
2024-08-24T13:47:33.384+05:30 DEBUG 21948 --- [StockMarket] [http-nio-8080-exec-9] o.s.security.web.FilterChainProxy        : Secured GET /login
2024-08-24T13:47:33.386+05:30 DEBUG 21948 --- [StockMarket] [http-nio-8080-exec-9] o.s.s.w.a.AnonymousAuthenticationFilter  : Set SecurityContextHolder to anonymous SecurityContext
2024-08-24T13:47:33.387+05:30 DEBUG 21948 --- [StockMarket] [http-nio-8080-exec-9] o.s.security.web.FilterChainProxy        : Securing GET /error
2024-08-24T13:47:33.387+05:30 DEBUG 21948 --- [StockMarket] [http-nio-8080-exec-9] o.s.s.w.a.AnonymousAuthenticationFilter  : Set SecurityContextHolder to anonymous SecurityContext
2024-08-24T13:47:33.388+05:30 DEBUG 21948 --- [StockMarket] [http-nio-8080-exec-9] o.s.s.w.s.HttpSessionRequestCache        : Saved request http://localhost:8080/error?continue to session
2024-08-24T13:47:33.388+05:30 DEBUG 21948 --- [StockMarket] [http-nio-8080-exec-9] o.s.s.web.DefaultRedirectStrategy        : Redirecting to http://localhost:8080/login
2024-08-24T13:47:33.395+05:30 DEBUG 21948 --- [StockMarket] [http-nio-8080-exec-10] o.s.security.web.FilterChainProxy        : Securing GET /login
2024-08-24T13:47:33.395+05:30 DEBUG 21948 --- [StockMarket] [http-nio-8080-exec-10] o.s.security.web.FilterChainProxy        : Secured GET /login
2024-08-24T13:47:33.398+05:30 DEBUG 21948 --- [StockMarket] [http-nio-8080-exec-10] o.s.s.w.a.AnonymousAuthenticationFilter  : Set SecurityContextHolder to anonymous SecurityContext
2024-08-24T13:47:33.400+05:30 DEBUG 21948 --- [StockMarket] [http-nio-8080-exec-10] o.s.security.web.FilterChainProxy        : Securing GET /error
2024-08-24T13:47:33.400+05:30 DEBUG 21948 --- [StockMarket] [http-nio-8080-exec-10] o.s.s.w.a.AnonymousAuthenticationFilter  : Set SecurityContextHolder to anonymous SecurityContext
2024-08-24T13:47:33.402+05:30 DEBUG 21948 --- [StockMarket] [http-nio-8080-exec-10] o.s.s.w.s.HttpSessionRequestCache        : Saved request http://localhost:8080/error?continue to session
2024-08-24T13:47:33.402+05:30 DEBUG 21948 --- [StockMarket] [http-nio-8080-exec-10] o.s.s.web.DefaultRedirectStrategy        : Redirecting to http://localhost:8080/login
2024-08-24T13:47:33.412+05:30 DEBUG 21948 --- [StockMarket] [http-nio-8080-exec-2] o.s.security.web.FilterChainProxy        : Securing GET /login
2024-08-24T13:47:33.412+05:30 DEBUG 21948 --- [StockMarket] [http-nio-8080-exec-2] o.s.security.web.FilterChainProxy        : Secured GET /login
2024-08-24T13:47:33.414+05:30 DEBUG 21948 --- [StockMarket] [http-nio-8080-exec-2] o.s.s.w.a.AnonymousAuthenticationFilter  : Set SecurityContextHolder to anonymous SecurityContext
2024-08-24T13:47:33.415+05:30 DEBUG 21948 --- [StockMarket] [http-nio-8080-exec-2] o.s.security.web.FilterChainProxy        : Securing GET /error
2024-08-24T13:47:33.415+05:30 DEBUG 21948 --- [StockMarket] [http-nio-8080-exec-2] o.s.s.w.a.AnonymousAuthenticationFilter  : Set SecurityContextHolder to anonymous SecurityContext
2024-08-24T13:47:33.417+05:30 DEBUG 21948 --- [StockMarket] [http-nio-8080-exec-2] o.s.s.w.s.HttpSessionRequestCache        : Saved request http://localhost:8080/error?continue to session
2024-08-24T13:47:33.417+05:30 DEBUG 21948 --- [StockMarket] [http-nio-8080-exec-2] o.s.s.web.DefaultRedirectStrategy        : Redirecting to http://localhost:8080/login
2024-08-24T13:47:47.813+05:30 DEBUG 21948 --- [StockMarket] [http-nio-8080-exec-1] o.s.security.web.FilterChainProxy        : Securing POST /stockmarket/login
2024-08-24T13:47:47.815+05:30 DEBUG 21948 --- [StockMarket] [http-nio-8080-exec-1] o.s.s.w.a.AnonymousAuthenticationFilter  : Set SecurityContextHolder to anonymous SecurityContext
2024-08-24T13:47:47.817+05:30 DEBUG 21948 --- [StockMarket] [http-nio-8080-exec-1] o.s.s.w.s.HttpSessionRequestCache        : Saved request http://localhost:8080/stockmarket/login?continue to session
2024-08-24T13:47:47.817+05:30 DEBUG 21948 --- [StockMarket] [http-nio-8080-exec-1] o.s.s.web.DefaultRedirectStrategy        : Redirecting to http://localhost:8080/login
2024-08-24T13:47:47.823+05:30 DEBUG 21948 --- [StockMarket] [http-nio-8080-exec-3] o.s.security.web.FilterChainProxy        : Securing GET /login
2024-08-24T13:47:47.823+05:30 DEBUG 21948 --- [StockMarket] [http-nio-8080-exec-3] o.s.security.web.FilterChainProxy        : Secured GET /login
2024-08-24T13:47:47.829+05:30 DEBUG 21948 --- [StockMarket] [http-nio-8080-exec-3] o.s.s.w.a.AnonymousAuthenticationFilter  : Set SecurityContextHolder to anonymous SecurityContext
2024-08-24T13:47:47.830+05:30 DEBUG 21948 --- [StockMarket] [http-nio-8080-exec-3] o.s.security.web.FilterChainProxy        : Securing GET /error
2024-08-24T13:47:47.831+05:30 DEBUG 21948 --- [StockMarket] [http-nio-8080-exec-3] o.s.s.w.a.AnonymousAuthenticationFilter  : Set SecurityContextHolder to anonymous SecurityContext
2024-08-24T13:47:47.833+05:30 DEBUG 21948 --- [StockMarket] [http-nio-8080-exec-3] o.s.s.w.s.HttpSessionRequestCache        : Saved request http://localhost:8080/error?continue to session
2024-08-24T13:47:47.834+05:30 DEBUG 21948 --- [StockMarket] [http-nio-8080-exec-3] o.s.s.web.DefaultRedirectStrategy        : Redirecting to http://localhost:8080/login
2024-08-24T13:47:47.838+05:30 DEBUG 21948 --- [StockMarket] [http-nio-8080-exec-4] o.s.security.web.FilterChainProxy        : Securing GET /login
2024-08-24T13:47:47.838+05:30 DEBUG 21948 --- [StockMarket] [http-nio-8080-exec-4] o.s.security.web.FilterChainProxy        : Secured GET /login
2024-08-24T13:47:47.839+05:30 DEBUG 21948 --- [StockMarket] [http-nio-8080-exec-4] o.s.s.w.a.AnonymousAuthenticationFilter  : Set SecurityContextHolder to anonymous SecurityContext
2024-08-24T13:47:47.840+05:30 DEBUG 21948 --- [StockMarket] [http-nio-8080-exec-4] o.s.security.web.FilterChainProxy        : Securing GET /error
2024-08-24T13:47:47.840+05:30 DEBUG 21948 --- [StockMarket] [http-nio-8080-exec-4] o.s.s.w.a.AnonymousAuthenticationFilter  : Set SecurityContextHolder to anonymous SecurityContext
2024-08-24T13:47:47.842+05:30 DEBUG 21948 --- [StockMarket] [http-nio-8080-exec-4] o.s.s.w.s.HttpSessionRequestCache        : Saved request http://localhost:8080/error?continue to session
2024-08-24T13:47:47.844+05:30 DEBUG 21948 --- [StockMarket] [http-nio-8080-exec-4] o.s.s.web.DefaultRedirectStrategy        : Redirecting to http://localhost:8080/login
2024-08-24T13:47:47.851+05:30 DEBUG 21948 --- [StockMarket] [http-nio-8080-exec-5] o.s.security.web.FilterChainProxy        : Securing GET /login
2024-08-24T13:47:47.851+05:30 DEBUG 21948 --- [StockMarket] [http-nio-8080-exec-5] o.s.security.web.FilterChainProxy        : Secured GET /login
2024-08-24T13:47:47.852+05:30 DEBUG 21948 --- [StockMarket] [http-nio-8080-exec-5] o.s.s.w.a.AnonymousAuthenticationFilter  : Set SecurityContextHolder to anonymous SecurityContext
2024-08-24T13:47:47.854+05:30 DEBUG 21948 --- [StockMarket] [http-nio-8080-exec-5] o.s.security.web.FilterChainProxy        : Securing GET /error
2024-08-24T13:47:47.854+05:30 DEBUG 21948 --- [StockMarket] [http-nio-8080-exec-5] o.s.s.w.a.AnonymousAuthenticationFilter  : Set SecurityContextHolder to anonymous SecurityContext
2024-08-24T13:47:47.855+05:30 DEBUG 21948 --- [StockMarket] [http-nio-8080-exec-5] o.s.s.w.s.HttpSessionRequestCache        : Saved request http://localhost:8080/error?continue to session
2024-08-24T13:47:47.856+05:30 DEBUG 21948 --- [StockMarket] [http-nio-8080-exec-5] o.s.s.web.DefaultRedirectStrategy        : Redirecting to http://localhost:8080/login
2024-08-24T13:47:47.865+05:30 DEBUG 21948 --- [StockMarket] [http-nio-8080-exec-7] o.s.security.web.FilterChainProxy        : Securing GET /login
2024-08-24T13:47:47.865+05:30 DEBUG 21948 --- [StockMarket] [http-nio-8080-exec-7] o.s.security.web.FilterChainProxy        : Secured GET /login
2024-08-24T13:47:47.870+05:30 DEBUG 21948 --- [StockMarket] [http-nio-8080-exec-7] o.s.s.w.a.AnonymousAuthenticationFilter  : Set SecurityContextHolder to anonymous SecurityContext
2024-08-24T13:47:47.873+05:30 DEBUG 21948 --- [StockMarket] [http-nio-8080-exec-7] o.s.security.web.FilterChainProxy        : Securing GET /error
2024-08-24T13:47:47.874+05:30 DEBUG 21948 --- [StockMarket] [http-nio-8080-exec-7] o.s.s.w.a.AnonymousAuthenticationFilter  : Set SecurityContextHolder to anonymous SecurityContext
2024-08-24T13:47:47.876+05:30 DEBUG 21948 --- [StockMarket] [http-nio-8080-exec-7] o.s.s.w.s.HttpSessionRequestCache        : Saved request http://localhost:8080/error?continue to session
2024-08-24T13:47:47.880+05:30 DEBUG 21948 --- [StockMarket] [http-nio-8080-exec-7] o.s.s.web.DefaultRedirectStrategy        : Redirecting to http://localhost:8080/login
2024-08-24T13:47:47.886+05:30 DEBUG 21948 --- [StockMarket] [http-nio-8080-exec-7] o.s.security.web.FilterChainProxy        : Securing GET /login
2024-08-24T13:47:47.886+05:30 DEBUG 21948 --- [StockMarket] [http-nio-8080-exec-7] o.s.security.web.FilterChainProxy        : Secured GET /login
2024-08-24T13:47:47.888+05:30 DEBUG 21948 --- [StockMarket] [http-nio-8080-exec-7] o.s.s.w.a.AnonymousAuthenticationFilter  : Set SecurityContextHolder to anonymous SecurityContext
2024-08-24T13:47:47.890+05:30 DEBUG 21948 --- [StockMarket] [http-nio-8080-exec-7] o.s.security.web.FilterChainProxy        : Securing GET /error
2024-08-24T13:47:47.890+05:30 DEBUG 21948 --- [StockMarket] [http-nio-8080-exec-7] o.s.s.w.a.AnonymousAuthenticationFilter  : Set SecurityContextHolder to anonymous SecurityContext
2024-08-24T13:47:47.892+05:30 DEBUG 21948 --- [StockMarket] [http-nio-8080-exec-7] o.s.s.w.s.HttpSessionRequestCache        : Saved request http://localhost:8080/error?continue to session
2024-08-24T13:47:47.892+05:30 DEBUG 21948 --- [StockMarket] [http-nio-8080-exec-7] o.s.s.web.DefaultRedirectStrategy        : Redirecting to http://localhost:8080/login
2024-08-24T13:47:47.900+05:30 DEBUG 21948 --- [StockMarket] [http-nio-8080-exec-6] o.s.security.web.FilterChainProxy        : Securing GET /login
2024-08-24T13:47:47.901+05:30 DEBUG 21948 --- [StockMarket] [http-nio-8080-exec-6] o.s.security.web.FilterChainProxy        : Secured GET /login
2024-08-24T13:47:47.903+05:30 DEBUG 21948 --- [StockMarket] [http-nio-8080-exec-6] o.s.s.w.a.AnonymousAuthenticationFilter  : Set SecurityContextHolder to anonymous SecurityContext
2024-08-24T13:47:47.904+05:30 DEBUG 21948 --- [StockMarket] [http-nio-8080-exec-6] o.s.security.web.FilterChainProxy        : Securing GET /error
2024-08-24T13:47:47.905+05:30 DEBUG 21948 --- [StockMarket] [http-nio-8080-exec-6] o.s.s.w.a.AnonymousAuthenticationFilter  : Set SecurityContextHolder to anonymous SecurityContext
2024-08-24T13:47:47.906+05:30 DEBUG 21948 --- [StockMarket] [http-nio-8080-exec-6] o.s.s.w.s.HttpSessionRequestCache        : Saved request http://localhost:8080/error?continue to session
2024-08-24T13:47:47.906+05:30 DEBUG 21948 --- [StockMarket] [http-nio-8080-exec-6] o.s.s.web.DefaultRedirectStrategy        : Redirecting to http://localhost:8080/login
2024-08-24T13:47:47.909+05:30 DEBUG 21948 --- [StockMarket] [http-nio-8080-exec-8] o.s.security.web.FilterChainProxy        : Securing GET /login
2024-08-24T13:47:47.911+05:30 DEBUG 21948 --- [StockMarket] [http-nio-8080-exec-8] o.s.security.web.FilterChainProxy        : Secured GET /login
2024-08-24T13:47:47.920+05:30 DEBUG 21948 --- [StockMarket] [http-nio-8080-exec-8] o.s.s.w.a.AnonymousAuthenticationFilter  : Set SecurityContextHolder to anonymous SecurityContext
2024-08-24T13:47:47.922+05:30 DEBUG 21948 --- [StockMarket] [http-nio-8080-exec-8] o.s.security.web.FilterChainProxy        : Securing GET /error
2024-08-24T13:47:47.922+05:30 DEBUG 21948 --- [StockMarket] [http-nio-8080-exec-8] o.s.s.w.a.AnonymousAuthenticationFilter  : Set SecurityContextHolder to anonymous SecurityContext
2024-08-24T13:47:47.925+05:30 DEBUG 21948 --- [StockMarket] [http-nio-8080-exec-8] o.s.s.w.s.HttpSessionRequestCache        : Saved request http://localhost:8080/error?continue to session
2024-08-24T13:47:47.925+05:30 DEBUG 21948 --- [StockMarket] [http-nio-8080-exec-8] o.s.s.web.DefaultRedirectStrategy        : Redirecting to http://localhost:8080/login
2024-08-24T13:47:47.931+05:30 DEBUG 21948 --- [StockMarket] [http-nio-8080-exec-9] o.s.security.web.FilterChainProxy        : Securing GET /login
2024-08-24T13:47:47.932+05:30 DEBUG 21948 --- [StockMarket] [http-nio-8080-exec-9] o.s.security.web.FilterChainProxy        : Secured GET /login
2024-08-24T13:47:47.938+05:30 DEBUG 21948 --- [StockMarket] [http-nio-8080-exec-9] o.s.s.w.a.AnonymousAuthenticationFilter  : Set SecurityContextHolder to anonymous SecurityContext
2024-08-24T13:47:47.939+05:30 DEBUG 21948 --- [StockMarket] [http-nio-8080-exec-9] o.s.security.web.FilterChainProxy        : Securing GET /error
2024-08-24T13:47:47.940+05:30 DEBUG 21948 --- [StockMarket] [http-nio-8080-exec-9] o.s.s.w.a.AnonymousAuthenticationFilter  : Set SecurityContextHolder to anonymous SecurityContext
2024-08-24T13:47:47.945+05:30 DEBUG 21948 --- [StockMarket] [http-nio-8080-exec-9] o.s.s.w.s.HttpSessionRequestCache        : Saved request http://localhost:8080/error?continue to session
2024-08-24T13:47:47.945+05:30 DEBUG 21948 --- [StockMarket] [http-nio-8080-exec-9] o.s.s.web.DefaultRedirectStrategy        : Redirecting to http://localhost:8080/login
2024-08-24T13:47:47.949+05:30 DEBUG 21948 --- [StockMarket] [http-nio-8080-exec-10] o.s.security.web.FilterChainProxy        : Securing GET /login
2024-08-24T13:47:47.950+05:30 DEBUG 21948 --- [StockMarket] [http-nio-8080-exec-10] o.s.security.web.FilterChainProxy        : Secured GET /login
2024-08-24T13:47:47.951+05:30 DEBUG 21948 --- [StockMarket] [http-nio-8080-exec-10] o.s.s.w.a.AnonymousAuthenticationFilter  : Set SecurityContextHolder to anonymous SecurityContext
2024-08-24T13:47:47.952+05:30 DEBUG 21948 --- [StockMarket] [http-nio-8080-exec-10] o.s.security.web.FilterChainProxy        : Securing GET /error
2024-08-24T13:47:47.953+05:30 DEBUG 21948 --- [StockMarket] [http-nio-8080-exec-10] o.s.s.w.a.AnonymousAuthenticationFilter  : Set SecurityContextHolder to anonymous SecurityContext
2024-08-24T13:47:47.953+05:30 DEBUG 21948 --- [StockMarket] [http-nio-8080-exec-10] o.s.s.w.s.HttpSessionRequestCache        : Saved request http://localhost:8080/error?continue to session
2024-08-24T13:47:47.953+05:30 DEBUG 21948 --- [StockMarket] [http-nio-8080-exec-10] o.s.s.web.DefaultRedirectStrategy        : Redirecting to http://localhost:8080/login
2024-08-24T13:47:47.958+05:30 DEBUG 21948 --- [StockMarket] [http-nio-8080-exec-2] o.s.security.web.FilterChainProxy        : Securing GET /login
2024-08-24T13:47:47.958+05:30 DEBUG 21948 --- [StockMarket] [http-nio-8080-exec-2] o.s.security.web.FilterChainProxy        : Secured GET /login
2024-08-24T13:47:47.960+05:30 DEBUG 21948 --- [StockMarket] [http-nio-8080-exec-2] o.s.s.w.a.AnonymousAuthenticationFilter  : Set SecurityContextHolder to anonymous SecurityContext
2024-08-24T13:47:47.963+05:30 DEBUG 21948 --- [StockMarket] [http-nio-8080-exec-2] o.s.security.web.FilterChainProxy        : Securing GET /error
2024-08-24T13:47:47.963+05:30 DEBUG 21948 --- [StockMarket] [http-nio-8080-exec-2] o.s.s.w.a.AnonymousAuthenticationFilter  : Set SecurityContextHolder to anonymous SecurityContext
2024-08-24T13:47:47.964+05:30 DEBUG 21948 --- [StockMarket] [http-nio-8080-exec-2] o.s.s.w.s.HttpSessionRequestCache        : Saved request http://localhost:8080/error?continue to session
2024-08-24T13:47:47.965+05:30 DEBUG 21948 --- [StockMarket] [http-nio-8080-exec-2] o.s.s.web.DefaultRedirectStrategy        : Redirecting to http://localhost:8080/login
2024-08-24T13:48:32.279+05:30  INFO 300 --- [StockMarket] [main] S.B.StockMarket.StockMarketApplication   : Starting StockMarketApplication using Java 18.0.2.1 with PID 300 (E:\CDAC\Projects\STOCK_Market\StockMarket\target\classes started by lenovo in E:\CDAC\Projects\STOCK_Market\StockMarket)
2024-08-24T13:48:32.286+05:30  INFO 300 --- [StockMarket] [main] S.B.StockMarket.StockMarketApplication   : No active profile set, falling back to 1 default profile: "default"
2024-08-24T13:48:33.316+05:30  INFO 300 --- [StockMarket] [main] .s.d.r.c.RepositoryConfigurationDelegate : Bootstrapping Spring Data JDBC repositories in DEFAULT mode.
2024-08-24T13:48:33.337+05:30  INFO 300 --- [StockMarket] [main] .s.d.r.c.RepositoryConfigurationDelegate : Finished Spring Data repository scanning in 14 ms. Found 0 JDBC repository interfaces.
2024-08-24T13:48:34.302+05:30  INFO 300 --- [StockMarket] [main] o.s.b.w.embedded.tomcat.TomcatWebServer  : Tomcat initialized with port 8080 (http)
2024-08-24T13:48:34.341+05:30  INFO 300 --- [StockMarket] [main] o.apache.catalina.core.StandardService   : Starting service [Tomcat]
2024-08-24T13:48:34.342+05:30  INFO 300 --- [StockMarket] [main] o.apache.catalina.core.StandardEngine    : Starting Servlet engine: [Apache Tomcat/10.1.28]
2024-08-24T13:48:34.484+05:30  INFO 300 --- [StockMarket] [main] o.a.c.c.C.[Tomcat].[localhost].[/]       : Initializing Spring embedded WebApplicationContext
2024-08-24T13:48:34.485+05:30  INFO 300 --- [StockMarket] [main] w.s.c.ServletWebServerApplicationContext : Root WebApplicationContext: initialization completed in 2118 ms
2024-08-24T13:48:35.024+05:30  INFO 300 --- [StockMarket] [main] r$InitializeUserDetailsManagerConfigurer : Global AuthenticationManager configured with UserDetailsService bean with name userDetailsService
2024-08-24T13:48:35.310+05:30 DEBUG 300 --- [StockMarket] [main] o.s.s.web.DefaultSecurityFilterChain     : Will secure any request with filters: DisableEncodeUrlFilter, WebAsyncManagerIntegrationFilter, SecurityContextHolderFilter, HeaderWriterFilter, LogoutFilter, UsernamePasswordAuthenticationFilter, RequestCacheAwareFilter, SecurityContextHolderAwareRequestFilter, AnonymousAuthenticationFilter, ExceptionTranslationFilter, AuthorizationFilter
2024-08-24T13:48:35.526+05:30  INFO 300 --- [StockMarket] [main] com.zaxxer.hikari.HikariDataSource       : HikariPool-1 - Starting...
2024-08-24T13:48:36.028+05:30  INFO 300 --- [StockMarket] [main] com.zaxxer.hikari.pool.HikariPool        : HikariPool-1 - Added connection com.mysql.cj.jdbc.ConnectionImpl@2e3f324e
2024-08-24T13:48:36.032+05:30  INFO 300 --- [StockMarket] [main] com.zaxxer.hikari.HikariDataSource       : HikariPool-1 - Start completed.
2024-08-24T13:48:36.274+05:30  INFO 300 --- [StockMarket] [main] o.s.b.w.embedded.tomcat.TomcatWebServer  : Tomcat started on port 8080 (http) with context path '/'
2024-08-24T13:48:36.289+05:30  INFO 300 --- [StockMarket] [main] S.B.StockMarket.StockMarketApplication   : Started StockMarketApplication in 4.604 seconds (process running for 5.113)
2024-08-24T13:52:49.943+05:30  INFO 300 --- [StockMarket] [http-nio-8080-exec-2] o.a.c.c.C.[Tomcat].[localhost].[/]       : Initializing Spring DispatcherServlet 'dispatcherServlet'
2024-08-24T13:52:49.945+05:30  INFO 300 --- [StockMarket] [http-nio-8080-exec-2] o.s.web.servlet.DispatcherServlet        : Initializing Servlet 'dispatcherServlet'
2024-08-24T13:52:49.972+05:30  INFO 300 --- [StockMarket] [http-nio-8080-exec-2] o.s.web.servlet.DispatcherServlet        : Completed initialization in 26 ms
2024-08-24T13:52:50.022+05:30 DEBUG 300 --- [StockMarket] [http-nio-8080-exec-2] o.s.security.web.FilterChainProxy        : Securing POST /login
2024-08-24T13:52:50.297+05:30 DEBUG 300 --- [StockMarket] [http-nio-8080-exec-2] o.s.s.a.dao.DaoAuthenticationProvider    : Failed to find user ''
2024-08-24T13:52:50.412+05:30 DEBUG 300 --- [StockMarket] [http-nio-8080-exec-2] o.s.s.web.DefaultRedirectStrategy        : Redirecting to /login?error
2024-08-24T13:52:50.447+05:30 DEBUG 300 --- [StockMarket] [http-nio-8080-exec-4] o.s.security.web.FilterChainProxy        : Securing GET /login?error
2024-08-24T13:52:50.482+05:30 DEBUG 300 --- [StockMarket] [http-nio-8080-exec-4] o.s.security.web.FilterChainProxy        : Secured GET /login?error
2024-08-24T13:52:50.571+05:30 DEBUG 300 --- [StockMarket] [http-nio-8080-exec-4] o.s.s.w.a.AnonymousAuthenticationFilter  : Set SecurityContextHolder to anonymous SecurityContext
2024-08-24T13:52:50.586+05:30 DEBUG 300 --- [StockMarket] [http-nio-8080-exec-4] o.s.security.web.FilterChainProxy        : Securing GET /error?error
2024-08-24T13:52:50.590+05:30 DEBUG 300 --- [StockMarket] [http-nio-8080-exec-4] o.s.s.w.a.AnonymousAuthenticationFilter  : Set SecurityContextHolder to anonymous SecurityContext
2024-08-24T13:52:50.618+05:30 DEBUG 300 --- [StockMarket] [http-nio-8080-exec-4] o.s.s.w.s.HttpSessionRequestCache        : Saved request http://localhost:8080/error?error&continue to session
2024-08-24T13:52:50.626+05:30 DEBUG 300 --- [StockMarket] [http-nio-8080-exec-4] o.s.s.web.DefaultRedirectStrategy        : Redirecting to http://localhost:8080/login
2024-08-24T13:52:50.638+05:30 DEBUG 300 --- [StockMarket] [http-nio-8080-exec-4] o.s.security.web.FilterChainProxy        : Securing GET /login
2024-08-24T13:52:50.638+05:30 DEBUG 300 --- [StockMarket] [http-nio-8080-exec-4] o.s.security.web.FilterChainProxy        : Secured GET /login
2024-08-24T13:52:50.639+05:30 DEBUG 300 --- [StockMarket] [http-nio-8080-exec-4] o.s.s.w.a.AnonymousAuthenticationFilter  : Set SecurityContextHolder to anonymous SecurityContext
2024-08-24T13:52:50.647+05:30 DEBUG 300 --- [StockMarket] [http-nio-8080-exec-4] o.s.security.web.FilterChainProxy        : Securing GET /error
2024-08-24T13:52:50.650+05:30 DEBUG 300 --- [StockMarket] [http-nio-8080-exec-4] o.s.s.w.a.AnonymousAuthenticationFilter  : Set SecurityContextHolder to anonymous SecurityContext
2024-08-24T13:52:50.652+05:30 DEBUG 300 --- [StockMarket] [http-nio-8080-exec-4] o.s.s.w.s.HttpSessionRequestCache        : Saved request http://localhost:8080/error?continue to session
2024-08-24T13:52:50.653+05:30 DEBUG 300 --- [StockMarket] [http-nio-8080-exec-4] o.s.s.web.DefaultRedirectStrategy        : Redirecting to http://localhost:8080/login
2024-08-24T13:52:50.666+05:30 DEBUG 300 --- [StockMarket] [http-nio-8080-exec-4] o.s.security.web.FilterChainProxy        : Securing GET /login
2024-08-24T13:52:50.667+05:30 DEBUG 300 --- [StockMarket] [http-nio-8080-exec-4] o.s.security.web.FilterChainProxy        : Secured GET /login
2024-08-24T13:52:50.672+05:30 DEBUG 300 --- [StockMarket] [http-nio-8080-exec-4] o.s.s.w.a.AnonymousAuthenticationFilter  : Set SecurityContextHolder to anonymous SecurityContext
2024-08-24T13:52:50.676+05:30 DEBUG 300 --- [StockMarket] [http-nio-8080-exec-4] o.s.security.web.FilterChainProxy        : Securing GET /error
2024-08-24T13:52:50.679+05:30 DEBUG 300 --- [StockMarket] [http-nio-8080-exec-4] o.s.s.w.a.AnonymousAuthenticationFilter  : Set SecurityContextHolder to anonymous SecurityContext
2024-08-24T13:52:50.680+05:30 DEBUG 300 --- [StockMarket] [http-nio-8080-exec-4] o.s.s.w.s.HttpSessionRequestCache        : Saved request http://localhost:8080/error?continue to session
2024-08-24T13:52:50.680+05:30 DEBUG 300 --- [StockMarket] [http-nio-8080-exec-4] o.s.s.web.DefaultRedirectStrategy        : Redirecting to http://localhost:8080/login
2024-08-24T13:52:50.688+05:30 DEBUG 300 --- [StockMarket] [http-nio-8080-exec-4] o.s.security.web.FilterChainProxy        : Securing GET /login
2024-08-24T13:52:50.690+05:30 DEBUG 300 --- [StockMarket] [http-nio-8080-exec-4] o.s.security.web.FilterChainProxy        : Secured GET /login
2024-08-24T13:52:50.699+05:30 DEBUG 300 --- [StockMarket] [http-nio-8080-exec-4] o.s.s.w.a.AnonymousAuthenticationFilter  : Set SecurityContextHolder to anonymous SecurityContext
2024-08-24T13:52:50.701+05:30 DEBUG 300 --- [StockMarket] [http-nio-8080-exec-4] o.s.security.web.FilterChainProxy        : Securing GET /error
2024-08-24T13:52:50.701+05:30 DEBUG 300 --- [StockMarket] [http-nio-8080-exec-4] o.s.s.w.a.AnonymousAuthenticationFilter  : Set SecurityContextHolder to anonymous SecurityContext
2024-08-24T13:52:50.704+05:30 DEBUG 300 --- [StockMarket] [http-nio-8080-exec-4] o.s.s.w.s.HttpSessionRequestCache        : Saved request http://localhost:8080/error?continue to session
2024-08-24T13:52:50.705+05:30 DEBUG 300 --- [StockMarket] [http-nio-8080-exec-4] o.s.s.web.DefaultRedirectStrategy        : Redirecting to http://localhost:8080/login
2024-08-24T13:52:50.714+05:30 DEBUG 300 --- [StockMarket] [http-nio-8080-exec-4] o.s.security.web.FilterChainProxy        : Securing GET /login
2024-08-24T13:52:50.715+05:30 DEBUG 300 --- [StockMarket] [http-nio-8080-exec-4] o.s.security.web.FilterChainProxy        : Secured GET /login
2024-08-24T13:52:50.718+05:30 DEBUG 300 --- [StockMarket] [http-nio-8080-exec-4] o.s.s.w.a.AnonymousAuthenticationFilter  : Set SecurityContextHolder to anonymous SecurityContext
2024-08-24T13:52:50.719+05:30 DEBUG 300 --- [StockMarket] [http-nio-8080-exec-4] o.s.security.web.FilterChainProxy        : Securing GET /error
2024-08-24T13:52:50.720+05:30 DEBUG 300 --- [StockMarket] [http-nio-8080-exec-4] o.s.s.w.a.AnonymousAuthenticationFilter  : Set SecurityContextHolder to anonymous SecurityContext
2024-08-24T13:52:50.731+05:30 DEBUG 300 --- [StockMarket] [http-nio-8080-exec-4] o.s.s.w.s.HttpSessionRequestCache        : Saved request http://localhost:8080/error?continue to session
2024-08-24T13:52:50.731+05:30 DEBUG 300 --- [StockMarket] [http-nio-8080-exec-4] o.s.s.web.DefaultRedirectStrategy        : Redirecting to http://localhost:8080/login
2024-08-24T13:52:50.739+05:30 DEBUG 300 --- [StockMarket] [http-nio-8080-exec-4] o.s.security.web.FilterChainProxy        : Securing GET /login
2024-08-24T13:52:50.741+05:30 DEBUG 300 --- [StockMarket] [http-nio-8080-exec-4] o.s.security.web.FilterChainProxy        : Secured GET /login
2024-08-24T13:52:50.751+05:30 DEBUG 300 --- [StockMarket] [http-nio-8080-exec-4] o.s.s.w.a.AnonymousAuthenticationFilter  : Set SecurityContextHolder to anonymous SecurityContext
2024-08-24T13:52:50.755+05:30 DEBUG 300 --- [StockMarket] [http-nio-8080-exec-4] o.s.security.web.FilterChainProxy        : Securing GET /error
2024-08-24T13:52:50.756+05:30 DEBUG 300 --- [StockMarket] [http-nio-8080-exec-4] o.s.s.w.a.AnonymousAuthenticationFilter  : Set SecurityContextHolder to anonymous SecurityContext
2024-08-24T13:52:50.758+05:30 DEBUG 300 --- [StockMarket] [http-nio-8080-exec-4] o.s.s.w.s.HttpSessionRequestCache        : Saved request http://localhost:8080/error?continue to session
2024-08-24T13:52:50.763+05:30 DEBUG 300 --- [StockMarket] [http-nio-8080-exec-4] o.s.s.web.DefaultRedirectStrategy        : Redirecting to http://localhost:8080/login
2024-08-24T13:52:50.767+05:30 DEBUG 300 --- [StockMarket] [http-nio-8080-exec-6] o.s.security.web.FilterChainProxy        : Securing GET /login
2024-08-24T13:52:50.768+05:30 DEBUG 300 --- [StockMarket] [http-nio-8080-exec-6] o.s.security.web.FilterChainProxy        : Secured GET /login
2024-08-24T13:52:50.768+05:30 DEBUG 300 --- [StockMarket] [http-nio-8080-exec-6] o.s.s.w.a.AnonymousAuthenticationFilter  : Set SecurityContextHolder to anonymous SecurityContext
2024-08-24T13:52:50.770+05:30 DEBUG 300 --- [StockMarket] [http-nio-8080-exec-6] o.s.security.web.FilterChainProxy        : Securing GET /error
2024-08-24T13:52:50.770+05:30 DEBUG 300 --- [StockMarket] [http-nio-8080-exec-6] o.s.s.w.a.AnonymousAuthenticationFilter  : Set SecurityContextHolder to anonymous SecurityContext
2024-08-24T13:52:50.771+05:30 DEBUG 300 --- [StockMarket] [http-nio-8080-exec-6] o.s.s.w.s.HttpSessionRequestCache        : Saved request http://localhost:8080/error?continue to session
2024-08-24T13:52:50.771+05:30 DEBUG 300 --- [StockMarket] [http-nio-8080-exec-6] o.s.s.web.DefaultRedirectStrategy        : Redirecting to http://localhost:8080/login
2024-08-24T13:52:50.774+05:30 DEBUG 300 --- [StockMarket] [http-nio-8080-exec-7] o.s.security.web.FilterChainProxy        : Securing GET /login
2024-08-24T13:52:50.776+05:30 DEBUG 300 --- [StockMarket] [http-nio-8080-exec-7] o.s.security.web.FilterChainProxy        : Secured GET /login
2024-08-24T13:52:50.780+05:30 DEBUG 300 --- [StockMarket] [http-nio-8080-exec-7] o.s.s.w.a.AnonymousAuthenticationFilter  : Set SecurityContextHolder to anonymous SecurityContext
2024-08-24T13:52:50.783+05:30 DEBUG 300 --- [StockMarket] [http-nio-8080-exec-7] o.s.security.web.FilterChainProxy        : Securing GET /error
2024-08-24T13:52:50.783+05:30 DEBUG 300 --- [StockMarket] [http-nio-8080-exec-7] o.s.s.w.a.AnonymousAuthenticationFilter  : Set SecurityContextHolder to anonymous SecurityContext
2024-08-24T13:52:50.784+05:30 DEBUG 300 --- [StockMarket] [http-nio-8080-exec-7] o.s.s.w.s.HttpSessionRequestCache        : Saved request http://localhost:8080/error?continue to session
2024-08-24T13:52:50.785+05:30 DEBUG 300 --- [StockMarket] [http-nio-8080-exec-7] o.s.s.web.DefaultRedirectStrategy        : Redirecting to http://localhost:8080/login
2024-08-24T13:52:50.789+05:30 DEBUG 300 --- [StockMarket] [http-nio-8080-exec-8] o.s.security.web.FilterChainProxy        : Securing GET /login
2024-08-24T13:52:50.789+05:30 DEBUG 300 --- [StockMarket] [http-nio-8080-exec-8] o.s.security.web.FilterChainProxy        : Secured GET /login
2024-08-24T13:52:50.790+05:30 DEBUG 300 --- [StockMarket] [http-nio-8080-exec-8] o.s.s.w.a.AnonymousAuthenticationFilter  : Set SecurityContextHolder to anonymous SecurityContext
2024-08-24T13:52:50.796+05:30 DEBUG 300 --- [StockMarket] [http-nio-8080-exec-8] o.s.security.web.FilterChainProxy        : Securing GET /error
2024-08-24T13:52:50.797+05:30 DEBUG 300 --- [StockMarket] [http-nio-8080-exec-8] o.s.s.w.a.AnonymousAuthenticationFilter  : Set SecurityContextHolder to anonymous SecurityContext
2024-08-24T13:52:50.799+05:30 DEBUG 300 --- [StockMarket] [http-nio-8080-exec-8] o.s.s.w.s.HttpSessionRequestCache        : Saved request http://localhost:8080/error?continue to session
2024-08-24T13:52:50.799+05:30 DEBUG 300 --- [StockMarket] [http-nio-8080-exec-8] o.s.s.web.DefaultRedirectStrategy        : Redirecting to http://localhost:8080/login
2024-08-24T13:52:50.805+05:30 DEBUG 300 --- [StockMarket] [http-nio-8080-exec-8] o.s.security.web.FilterChainProxy        : Securing GET /login
2024-08-24T13:52:50.807+05:30 DEBUG 300 --- [StockMarket] [http-nio-8080-exec-8] o.s.security.web.FilterChainProxy        : Secured GET /login
2024-08-24T13:52:50.812+05:30 DEBUG 300 --- [StockMarket] [http-nio-8080-exec-8] o.s.s.w.a.AnonymousAuthenticationFilter  : Set SecurityContextHolder to anonymous SecurityContext
2024-08-24T13:52:50.813+05:30 DEBUG 300 --- [StockMarket] [http-nio-8080-exec-8] o.s.security.web.FilterChainProxy        : Securing GET /error
2024-08-24T13:52:50.814+05:30 DEBUG 300 --- [StockMarket] [http-nio-8080-exec-8] o.s.s.w.a.AnonymousAuthenticationFilter  : Set SecurityContextHolder to anonymous SecurityContext
2024-08-24T13:52:50.816+05:30 DEBUG 300 --- [StockMarket] [http-nio-8080-exec-8] o.s.s.w.s.HttpSessionRequestCache        : Saved request http://localhost:8080/error?continue to session
2024-08-24T13:52:50.816+05:30 DEBUG 300 --- [StockMarket] [http-nio-8080-exec-8] o.s.s.web.DefaultRedirectStrategy        : Redirecting to http://localhost:8080/login
2024-08-24T13:53:39.225+05:30 DEBUG 300 --- [StockMarket] [http-nio-8080-exec-10] o.s.security.web.FilterChainProxy        : Securing POST /login
2024-08-24T13:53:39.315+05:30 DEBUG 300 --- [StockMarket] [http-nio-8080-exec-10] o.s.s.a.dao.DaoAuthenticationProvider    : Failed to find user ''
2024-08-24T13:53:39.316+05:30 DEBUG 300 --- [StockMarket] [http-nio-8080-exec-10] o.s.s.web.DefaultRedirectStrategy        : Redirecting to /login?error
2024-08-24T13:53:39.320+05:30 DEBUG 300 --- [StockMarket] [http-nio-8080-exec-1] o.s.security.web.FilterChainProxy        : Securing GET /login?error
2024-08-24T13:53:39.320+05:30 DEBUG 300 --- [StockMarket] [http-nio-8080-exec-1] o.s.security.web.FilterChainProxy        : Secured GET /login?error
2024-08-24T13:53:39.326+05:30 DEBUG 300 --- [StockMarket] [http-nio-8080-exec-1] o.s.s.w.a.AnonymousAuthenticationFilter  : Set SecurityContextHolder to anonymous SecurityContext
2024-08-24T13:53:39.618+05:30 DEBUG 300 --- [StockMarket] [http-nio-8080-exec-1] o.s.security.web.FilterChainProxy        : Securing GET /error?error
2024-08-24T13:53:39.620+05:30 DEBUG 300 --- [StockMarket] [http-nio-8080-exec-1] o.s.s.w.a.AnonymousAuthenticationFilter  : Set SecurityContextHolder to anonymous SecurityContext
2024-08-24T13:53:39.627+05:30 DEBUG 300 --- [StockMarket] [http-nio-8080-exec-1] o.s.s.w.s.HttpSessionRequestCache        : Saved request http://localhost:8080/error?error&continue to session
2024-08-24T13:53:39.628+05:30 DEBUG 300 --- [StockMarket] [http-nio-8080-exec-1] o.s.s.web.DefaultRedirectStrategy        : Redirecting to http://localhost:8080/login
2024-08-24T13:53:39.640+05:30 DEBUG 300 --- [StockMarket] [http-nio-8080-exec-1] o.s.security.web.FilterChainProxy        : Securing GET /login
2024-08-24T13:53:39.642+05:30 DEBUG 300 --- [StockMarket] [http-nio-8080-exec-1] o.s.security.web.FilterChainProxy        : Secured GET /login
2024-08-24T13:53:39.651+05:30 DEBUG 300 --- [StockMarket] [http-nio-8080-exec-1] o.s.s.w.a.AnonymousAuthenticationFilter  : Set SecurityContextHolder to anonymous SecurityContext
2024-08-24T13:53:39.656+05:30 DEBUG 300 --- [StockMarket] [http-nio-8080-exec-1] o.s.security.web.FilterChainProxy        : Securing GET /error
2024-08-24T13:53:39.657+05:30 DEBUG 300 --- [StockMarket] [http-nio-8080-exec-1] o.s.s.w.a.AnonymousAuthenticationFilter  : Set SecurityContextHolder to anonymous SecurityContext
2024-08-24T13:53:39.660+05:30 DEBUG 300 --- [StockMarket] [http-nio-8080-exec-1] o.s.s.w.s.HttpSessionRequestCache        : Saved request http://localhost:8080/error?continue to session
2024-08-24T13:53:39.661+05:30 DEBUG 300 --- [StockMarket] [http-nio-8080-exec-1] o.s.s.web.DefaultRedirectStrategy        : Redirecting to http://localhost:8080/login
2024-08-24T13:53:39.667+05:30 DEBUG 300 --- [StockMarket] [http-nio-8080-exec-2] o.s.security.web.FilterChainProxy        : Securing GET /login
2024-08-24T13:53:39.667+05:30 DEBUG 300 --- [StockMarket] [http-nio-8080-exec-2] o.s.security.web.FilterChainProxy        : Secured GET /login
2024-08-24T13:53:39.670+05:30 DEBUG 300 --- [StockMarket] [http-nio-8080-exec-2] o.s.s.w.a.AnonymousAuthenticationFilter  : Set SecurityContextHolder to anonymous SecurityContext
2024-08-24T13:53:39.672+05:30 DEBUG 300 --- [StockMarket] [http-nio-8080-exec-2] o.s.security.web.FilterChainProxy        : Securing GET /error
2024-08-24T13:53:39.672+05:30 DEBUG 300 --- [StockMarket] [http-nio-8080-exec-2] o.s.s.w.a.AnonymousAuthenticationFilter  : Set SecurityContextHolder to anonymous SecurityContext
2024-08-24T13:53:39.673+05:30 DEBUG 300 --- [StockMarket] [http-nio-8080-exec-2] o.s.s.w.s.HttpSessionRequestCache        : Saved request http://localhost:8080/error?continue to session
2024-08-24T13:53:39.674+05:30 DEBUG 300 --- [StockMarket] [http-nio-8080-exec-2] o.s.s.web.DefaultRedirectStrategy        : Redirecting to http://localhost:8080/login
2024-08-24T13:53:39.677+05:30 DEBUG 300 --- [StockMarket] [http-nio-8080-exec-5] o.s.security.web.FilterChainProxy        : Securing GET /login
2024-08-24T13:53:39.677+05:30 DEBUG 300 --- [StockMarket] [http-nio-8080-exec-5] o.s.security.web.FilterChainProxy        : Secured GET /login
2024-08-24T13:53:39.681+05:30 DEBUG 300 --- [StockMarket] [http-nio-8080-exec-5] o.s.s.w.a.AnonymousAuthenticationFilter  : Set SecurityContextHolder to anonymous SecurityContext
2024-08-24T13:53:39.683+05:30 DEBUG 300 --- [StockMarket] [http-nio-8080-exec-5] o.s.security.web.FilterChainProxy        : Securing GET /error
2024-08-24T13:53:39.683+05:30 DEBUG 300 --- [StockMarket] [http-nio-8080-exec-5] o.s.s.w.a.AnonymousAuthenticationFilter  : Set SecurityContextHolder to anonymous SecurityContext
2024-08-24T13:53:39.684+05:30 DEBUG 300 --- [StockMarket] [http-nio-8080-exec-5] o.s.s.w.s.HttpSessionRequestCache        : Saved request http://localhost:8080/error?continue to session
2024-08-24T13:53:39.685+05:30 DEBUG 300 --- [StockMarket] [http-nio-8080-exec-5] o.s.s.web.DefaultRedirectStrategy        : Redirecting to http://localhost:8080/login
2024-08-24T13:53:39.688+05:30 DEBUG 300 --- [StockMarket] [http-nio-8080-exec-3] o.s.security.web.FilterChainProxy        : Securing GET /login
2024-08-24T13:53:39.688+05:30 DEBUG 300 --- [StockMarket] [http-nio-8080-exec-3] o.s.security.web.FilterChainProxy        : Secured GET /login
2024-08-24T13:53:39.689+05:30 DEBUG 300 --- [StockMarket] [http-nio-8080-exec-3] o.s.s.w.a.AnonymousAuthenticationFilter  : Set SecurityContextHolder to anonymous SecurityContext
2024-08-24T13:53:39.690+05:30 DEBUG 300 --- [StockMarket] [http-nio-8080-exec-3] o.s.security.web.FilterChainProxy        : Securing GET /error
2024-08-24T13:53:39.692+05:30 DEBUG 300 --- [StockMarket] [http-nio-8080-exec-3] o.s.s.w.a.AnonymousAuthenticationFilter  : Set SecurityContextHolder to anonymous SecurityContext
2024-08-24T13:53:39.694+05:30 DEBUG 300 --- [StockMarket] [http-nio-8080-exec-3] o.s.s.w.s.HttpSessionRequestCache        : Saved request http://localhost:8080/error?continue to session
2024-08-24T13:53:39.695+05:30 DEBUG 300 --- [StockMarket] [http-nio-8080-exec-3] o.s.s.web.DefaultRedirectStrategy        : Redirecting to http://localhost:8080/login
2024-08-24T13:53:39.702+05:30 DEBUG 300 --- [StockMarket] [http-nio-8080-exec-4] o.s.security.web.FilterChainProxy        : Securing GET /login
2024-08-24T13:53:39.704+05:30 DEBUG 300 --- [StockMarket] [http-nio-8080-exec-4] o.s.security.web.FilterChainProxy        : Secured GET /login
2024-08-24T13:53:39.706+05:30 DEBUG 300 --- [StockMarket] [http-nio-8080-exec-4] o.s.s.w.a.AnonymousAuthenticationFilter  : Set SecurityContextHolder to anonymous SecurityContext
2024-08-24T13:53:39.709+05:30 DEBUG 300 --- [StockMarket] [http-nio-8080-exec-4] o.s.security.web.FilterChainProxy        : Securing GET /error
2024-08-24T13:53:39.711+05:30 DEBUG 300 --- [StockMarket] [http-nio-8080-exec-4] o.s.s.w.a.AnonymousAuthenticationFilter  : Set SecurityContextHolder to anonymous SecurityContext
2024-08-24T13:53:39.716+05:30 DEBUG 300 --- [StockMarket] [http-nio-8080-exec-4] o.s.s.w.s.HttpSessionRequestCache        : Saved request http://localhost:8080/error?continue to session
2024-08-24T13:53:39.717+05:30 DEBUG 300 --- [StockMarket] [http-nio-8080-exec-4] o.s.s.web.DefaultRedirectStrategy        : Redirecting to http://localhost:8080/login
2024-08-24T13:53:39.720+05:30 DEBUG 300 --- [StockMarket] [http-nio-8080-exec-6] o.s.security.web.FilterChainProxy        : Securing GET /login
2024-08-24T13:53:39.720+05:30 DEBUG 300 --- [StockMarket] [http-nio-8080-exec-6] o.s.security.web.FilterChainProxy        : Secured GET /login
2024-08-24T13:53:39.723+05:30 DEBUG 300 --- [StockMarket] [http-nio-8080-exec-6] o.s.s.w.a.AnonymousAuthenticationFilter  : Set SecurityContextHolder to anonymous SecurityContext
2024-08-24T13:53:39.724+05:30 DEBUG 300 --- [StockMarket] [http-nio-8080-exec-6] o.s.security.web.FilterChainProxy        : Securing GET /error
2024-08-24T13:53:39.724+05:30 DEBUG 300 --- [StockMarket] [http-nio-8080-exec-6] o.s.s.w.a.AnonymousAuthenticationFilter  : Set SecurityContextHolder to anonymous SecurityContext
2024-08-24T13:53:39.725+05:30 DEBUG 300 --- [StockMarket] [http-nio-8080-exec-6] o.s.s.w.s.HttpSessionRequestCache        : Saved request http://localhost:8080/error?continue to session
2024-08-24T13:53:39.726+05:30 DEBUG 300 --- [StockMarket] [http-nio-8080-exec-6] o.s.s.web.DefaultRedirectStrategy        : Redirecting to http://localhost:8080/login
2024-08-24T13:53:39.732+05:30 DEBUG 300 --- [StockMarket] [http-nio-8080-exec-7] o.s.security.web.FilterChainProxy        : Securing GET /login
2024-08-24T13:53:39.734+05:30 DEBUG 300 --- [StockMarket] [http-nio-8080-exec-7] o.s.security.web.FilterChainProxy        : Secured GET /login
2024-08-24T13:53:39.736+05:30 DEBUG 300 --- [StockMarket] [http-nio-8080-exec-7] o.s.s.w.a.AnonymousAuthenticationFilter  : Set SecurityContextHolder to anonymous SecurityContext
2024-08-24T13:53:39.739+05:30 DEBUG 300 --- [StockMarket] [http-nio-8080-exec-7] o.s.security.web.FilterChainProxy        : Securing GET /error
2024-08-24T13:53:39.739+05:30 DEBUG 300 --- [StockMarket] [http-nio-8080-exec-7] o.s.s.w.a.AnonymousAuthenticationFilter  : Set SecurityContextHolder to anonymous SecurityContext
2024-08-24T13:53:39.740+05:30 DEBUG 300 --- [StockMarket] [http-nio-8080-exec-7] o.s.s.w.s.HttpSessionRequestCache        : Saved request http://localhost:8080/error?continue to session
2024-08-24T13:53:39.740+05:30 DEBUG 300 --- [StockMarket] [http-nio-8080-exec-7] o.s.s.web.DefaultRedirectStrategy        : Redirecting to http://localhost:8080/login
2024-08-24T13:53:39.744+05:30 DEBUG 300 --- [StockMarket] [http-nio-8080-exec-9] o.s.security.web.FilterChainProxy        : Securing GET /login
2024-08-24T13:53:39.749+05:30 DEBUG 300 --- [StockMarket] [http-nio-8080-exec-9] o.s.security.web.FilterChainProxy        : Secured GET /login
2024-08-24T13:53:39.750+05:30 DEBUG 300 --- [StockMarket] [http-nio-8080-exec-9] o.s.s.w.a.AnonymousAuthenticationFilter  : Set SecurityContextHolder to anonymous SecurityContext
2024-08-24T13:53:39.752+05:30 DEBUG 300 --- [StockMarket] [http-nio-8080-exec-9] o.s.security.web.FilterChainProxy        : Securing GET /error
2024-08-24T13:53:39.753+05:30 DEBUG 300 --- [StockMarket] [http-nio-8080-exec-9] o.s.s.w.a.AnonymousAuthenticationFilter  : Set SecurityContextHolder to anonymous SecurityContext
2024-08-24T13:53:39.754+05:30 DEBUG 300 --- [StockMarket] [http-nio-8080-exec-9] o.s.s.w.s.HttpSessionRequestCache        : Saved request http://localhost:8080/error?continue to session
2024-08-24T13:53:39.754+05:30 DEBUG 300 --- [StockMarket] [http-nio-8080-exec-9] o.s.s.web.DefaultRedirectStrategy        : Redirecting to http://localhost:8080/login
2024-08-24T13:53:39.757+05:30 DEBUG 300 --- [StockMarket] [http-nio-8080-exec-8] o.s.security.web.FilterChainProxy        : Securing GET /login
2024-08-24T13:53:39.758+05:30 DEBUG 300 --- [StockMarket] [http-nio-8080-exec-8] o.s.security.web.FilterChainProxy        : Secured GET /login
2024-08-24T13:53:39.760+05:30 DEBUG 300 --- [StockMarket] [http-nio-8080-exec-8] o.s.s.w.a.AnonymousAuthenticationFilter  : Set SecurityContextHolder to anonymous SecurityContext
2024-08-24T13:53:39.761+05:30 DEBUG 300 --- [StockMarket] [http-nio-8080-exec-8] o.s.security.web.FilterChainProxy        : Securing GET /error
2024-08-24T13:53:39.761+05:30 DEBUG 300 --- [StockMarket] [http-nio-8080-exec-8] o.s.s.w.a.AnonymousAuthenticationFilter  : Set SecurityContextHolder to anonymous SecurityContext
2024-08-24T13:53:39.767+05:30 DEBUG 300 --- [StockMarket] [http-nio-8080-exec-8] o.s.s.w.s.HttpSessionRequestCache        : Saved request http://localhost:8080/error?continue to session
2024-08-24T13:53:39.768+05:30 DEBUG 300 --- [StockMarket] [http-nio-8080-exec-8] o.s.s.web.DefaultRedirectStrategy        : Redirecting to http://localhost:8080/login
2024-08-24T13:54:02.937+05:30  INFO 13212 --- [StockMarket] [main] S.B.StockMarket.StockMarketApplication   : Starting StockMarketApplication using Java 18.0.2.1 with PID 13212 (E:\CDAC\Projects\STOCK_Market\StockMarket\target\classes started by lenovo in E:\CDAC\Projects\STOCK_Market\StockMarket)
2024-08-24T13:54:02.942+05:30  INFO 13212 --- [StockMarket] [main] S.B.StockMarket.StockMarketApplication   : No active profile set, falling back to 1 default profile: "default"
2024-08-24T13:54:03.910+05:30  INFO 13212 --- [StockMarket] [main] .s.d.r.c.RepositoryConfigurationDelegate : Bootstrapping Spring Data JDBC repositories in DEFAULT mode.
2024-08-24T13:54:03.949+05:30  INFO 13212 --- [StockMarket] [main] .s.d.r.c.RepositoryConfigurationDelegate : Finished Spring Data repository scanning in 28 ms. Found 0 JDBC repository interfaces.
2024-08-24T13:54:04.856+05:30  INFO 13212 --- [StockMarket] [main] o.s.b.w.embedded.tomcat.TomcatWebServer  : Tomcat initialized with port 8080 (http)
2024-08-24T13:54:04.906+05:30  INFO 13212 --- [StockMarket] [main] o.apache.catalina.core.StandardService   : Starting service [Tomcat]
2024-08-24T13:54:04.910+05:30  INFO 13212 --- [StockMarket] [main] o.apache.catalina.core.StandardEngine    : Starting Servlet engine: [Apache Tomcat/10.1.28]
2024-08-24T13:54:05.039+05:30  INFO 13212 --- [StockMarket] [main] o.a.c.c.C.[Tomcat].[localhost].[/]       : Initializing Spring embedded WebApplicationContext
2024-08-24T13:54:05.040+05:30  INFO 13212 --- [StockMarket] [main] w.s.c.ServletWebServerApplicationContext : Root WebApplicationContext: initialization completed in 2026 ms
2024-08-24T13:54:05.418+05:30  INFO 13212 --- [StockMarket] [main] r$InitializeUserDetailsManagerConfigurer : Global AuthenticationManager configured with UserDetailsService bean with name userDetailsService
2024-08-24T13:54:05.799+05:30 DEBUG 13212 --- [StockMarket] [main] o.s.s.web.DefaultSecurityFilterChain     : Will secure any request with filters: DisableEncodeUrlFilter, WebAsyncManagerIntegrationFilter, SecurityContextHolderFilter, HeaderWriterFilter, LogoutFilter, UsernamePasswordAuthenticationFilter, RequestCacheAwareFilter, SecurityContextHolderAwareRequestFilter, AnonymousAuthenticationFilter, ExceptionTranslationFilter, AuthorizationFilter
2024-08-24T13:54:06.007+05:30  INFO 13212 --- [StockMarket] [main] com.zaxxer.hikari.HikariDataSource       : HikariPool-1 - Starting...
2024-08-24T13:54:06.410+05:30  INFO 13212 --- [StockMarket] [main] com.zaxxer.hikari.pool.HikariPool        : HikariPool-1 - Added connection com.mysql.cj.jdbc.ConnectionImpl@b5d9f1e
2024-08-24T13:54:06.413+05:30  INFO 13212 --- [StockMarket] [main] com.zaxxer.hikari.HikariDataSource       : HikariPool-1 - Start completed.
2024-08-24T13:54:06.945+05:30  INFO 13212 --- [StockMarket] [main] o.s.b.w.embedded.tomcat.TomcatWebServer  : Tomcat started on port 8080 (http) with context path '/'
2024-08-24T13:54:06.959+05:30  INFO 13212 --- [StockMarket] [main] S.B.StockMarket.StockMarketApplication   : Started StockMarketApplication in 4.594 seconds (process running for 5.178)
2024-08-24T13:54:10.809+05:30  INFO 13212 --- [StockMarket] [http-nio-8080-exec-2] o.a.c.c.C.[Tomcat].[localhost].[/]       : Initializing Spring DispatcherServlet 'dispatcherServlet'
2024-08-24T13:54:10.809+05:30  INFO 13212 --- [StockMarket] [http-nio-8080-exec-2] o.s.web.servlet.DispatcherServlet        : Initializing Servlet 'dispatcherServlet'
2024-08-24T13:54:10.810+05:30  INFO 13212 --- [StockMarket] [http-nio-8080-exec-2] o.s.web.servlet.DispatcherServlet        : Completed initialization in 1 ms
2024-08-24T13:54:10.836+05:30 DEBUG 13212 --- [StockMarket] [http-nio-8080-exec-2] o.s.security.web.FilterChainProxy        : Securing POST /login
2024-08-24T13:54:10.997+05:30 DEBUG 13212 --- [StockMarket] [http-nio-8080-exec-2] o.s.s.a.dao.DaoAuthenticationProvider    : Failed to find user ''
2024-08-24T13:54:11.052+05:30 DEBUG 13212 --- [StockMarket] [http-nio-8080-exec-2] o.s.s.web.DefaultRedirectStrategy        : Redirecting to /login?error
2024-08-24T13:54:11.066+05:30 DEBUG 13212 --- [StockMarket] [http-nio-8080-exec-3] o.s.security.web.FilterChainProxy        : Securing GET /login?error
2024-08-24T13:54:11.088+05:30 DEBUG 13212 --- [StockMarket] [http-nio-8080-exec-3] o.s.security.web.FilterChainProxy        : Secured GET /login?error
2024-08-24T13:54:11.128+05:30 DEBUG 13212 --- [StockMarket] [http-nio-8080-exec-3] o.s.s.w.a.AnonymousAuthenticationFilter  : Set SecurityContextHolder to anonymous SecurityContext
2024-08-24T13:54:11.142+05:30 DEBUG 13212 --- [StockMarket] [http-nio-8080-exec-3] o.s.security.web.FilterChainProxy        : Securing GET /error?error
2024-08-24T13:54:11.144+05:30 DEBUG 13212 --- [StockMarket] [http-nio-8080-exec-3] o.s.s.w.a.AnonymousAuthenticationFilter  : Set SecurityContextHolder to anonymous SecurityContext
2024-08-24T13:54:11.160+05:30 DEBUG 13212 --- [StockMarket] [http-nio-8080-exec-3] o.s.s.w.s.HttpSessionRequestCache        : Saved request http://localhost:8080/error?error&continue to session
2024-08-24T13:54:11.170+05:30 DEBUG 13212 --- [StockMarket] [http-nio-8080-exec-3] o.s.s.web.DefaultRedirectStrategy        : Redirecting to http://localhost:8080/login
2024-08-24T13:54:11.174+05:30 DEBUG 13212 --- [StockMarket] [http-nio-8080-exec-4] o.s.security.web.FilterChainProxy        : Securing GET /login
2024-08-24T13:54:11.174+05:30 DEBUG 13212 --- [StockMarket] [http-nio-8080-exec-4] o.s.security.web.FilterChainProxy        : Secured GET /login
2024-08-24T13:54:11.176+05:30 DEBUG 13212 --- [StockMarket] [http-nio-8080-exec-4] o.s.s.w.a.AnonymousAuthenticationFilter  : Set SecurityContextHolder to anonymous SecurityContext
2024-08-24T13:54:11.180+05:30 DEBUG 13212 --- [StockMarket] [http-nio-8080-exec-4] o.s.security.web.FilterChainProxy        : Securing GET /error
2024-08-24T13:54:11.184+05:30 DEBUG 13212 --- [StockMarket] [http-nio-8080-exec-4] o.s.s.w.a.AnonymousAuthenticationFilter  : Set SecurityContextHolder to anonymous SecurityContext
2024-08-24T13:54:11.192+05:30 DEBUG 13212 --- [StockMarket] [http-nio-8080-exec-4] o.s.s.w.s.HttpSessionRequestCache        : Saved request http://localhost:8080/error?continue to session
2024-08-24T13:54:11.192+05:30 DEBUG 13212 --- [StockMarket] [http-nio-8080-exec-4] o.s.s.web.DefaultRedirectStrategy        : Redirecting to http://localhost:8080/login
2024-08-24T13:54:11.201+05:30 DEBUG 13212 --- [StockMarket] [http-nio-8080-exec-5] o.s.security.web.FilterChainProxy        : Securing GET /login
2024-08-24T13:54:11.203+05:30 DEBUG 13212 --- [StockMarket] [http-nio-8080-exec-5] o.s.security.web.FilterChainProxy        : Secured GET /login
2024-08-24T13:54:11.205+05:30 DEBUG 13212 --- [StockMarket] [http-nio-8080-exec-5] o.s.s.w.a.AnonymousAuthenticationFilter  : Set SecurityContextHolder to anonymous SecurityContext
2024-08-24T13:54:11.207+05:30 DEBUG 13212 --- [StockMarket] [http-nio-8080-exec-5] o.s.security.web.FilterChainProxy        : Securing GET /error
2024-08-24T13:54:11.208+05:30 DEBUG 13212 --- [StockMarket] [http-nio-8080-exec-5] o.s.s.w.a.AnonymousAuthenticationFilter  : Set SecurityContextHolder to anonymous SecurityContext
2024-08-24T13:54:11.209+05:30 DEBUG 13212 --- [StockMarket] [http-nio-8080-exec-5] o.s.s.w.s.HttpSessionRequestCache        : Saved request http://localhost:8080/error?continue to session
2024-08-24T13:54:11.210+05:30 DEBUG 13212 --- [StockMarket] [http-nio-8080-exec-5] o.s.s.web.DefaultRedirectStrategy        : Redirecting to http://localhost:8080/login
2024-08-24T13:54:11.217+05:30 DEBUG 13212 --- [StockMarket] [http-nio-8080-exec-6] o.s.security.web.FilterChainProxy        : Securing GET /login
2024-08-24T13:54:11.218+05:30 DEBUG 13212 --- [StockMarket] [http-nio-8080-exec-6] o.s.security.web.FilterChainProxy        : Secured GET /login
2024-08-24T13:54:11.219+05:30 DEBUG 13212 --- [StockMarket] [http-nio-8080-exec-6] o.s.s.w.a.AnonymousAuthenticationFilter  : Set SecurityContextHolder to anonymous SecurityContext
2024-08-24T13:54:11.220+05:30 DEBUG 13212 --- [StockMarket] [http-nio-8080-exec-6] o.s.security.web.FilterChainProxy        : Securing GET /error
2024-08-24T13:54:11.222+05:30 DEBUG 13212 --- [StockMarket] [http-nio-8080-exec-6] o.s.s.w.a.AnonymousAuthenticationFilter  : Set SecurityContextHolder to anonymous SecurityContext
2024-08-24T13:54:11.224+05:30 DEBUG 13212 --- [StockMarket] [http-nio-8080-exec-6] o.s.s.w.s.HttpSessionRequestCache        : Saved request http://localhost:8080/error?continue to session
2024-08-24T13:54:11.225+05:30 DEBUG 13212 --- [StockMarket] [http-nio-8080-exec-6] o.s.s.web.DefaultRedirectStrategy        : Redirecting to http://localhost:8080/login
2024-08-24T13:54:11.228+05:30 DEBUG 13212 --- [StockMarket] [http-nio-8080-exec-7] o.s.security.web.FilterChainProxy        : Securing GET /login
2024-08-24T13:54:11.230+05:30 DEBUG 13212 --- [StockMarket] [http-nio-8080-exec-7] o.s.security.web.FilterChainProxy        : Secured GET /login
2024-08-24T13:54:11.235+05:30 DEBUG 13212 --- [StockMarket] [http-nio-8080-exec-7] o.s.s.w.a.AnonymousAuthenticationFilter  : Set SecurityContextHolder to anonymous SecurityContext
2024-08-24T13:54:11.236+05:30 DEBUG 13212 --- [StockMarket] [http-nio-8080-exec-7] o.s.security.web.FilterChainProxy        : Securing GET /error
2024-08-24T13:54:11.236+05:30 DEBUG 13212 --- [StockMarket] [http-nio-8080-exec-7] o.s.s.w.a.AnonymousAuthenticationFilter  : Set SecurityContextHolder to anonymous SecurityContext
2024-08-24T13:54:11.238+05:30 DEBUG 13212 --- [StockMarket] [http-nio-8080-exec-7] o.s.s.w.s.HttpSessionRequestCache        : Saved request http://localhost:8080/error?continue to session
2024-08-24T13:54:11.238+05:30 DEBUG 13212 --- [StockMarket] [http-nio-8080-exec-7] o.s.s.web.DefaultRedirectStrategy        : Redirecting to http://localhost:8080/login
2024-08-24T13:54:11.244+05:30 DEBUG 13212 --- [StockMarket] [http-nio-8080-exec-8] o.s.security.web.FilterChainProxy        : Securing GET /login
2024-08-24T13:54:11.245+05:30 DEBUG 13212 --- [StockMarket] [http-nio-8080-exec-8] o.s.security.web.FilterChainProxy        : Secured GET /login
2024-08-24T13:54:11.247+05:30 DEBUG 13212 --- [StockMarket] [http-nio-8080-exec-8] o.s.s.w.a.AnonymousAuthenticationFilter  : Set SecurityContextHolder to anonymous SecurityContext
2024-08-24T13:54:11.250+05:30 DEBUG 13212 --- [StockMarket] [http-nio-8080-exec-8] o.s.security.web.FilterChainProxy        : Securing GET /error
2024-08-24T13:54:11.253+05:30 DEBUG 13212 --- [StockMarket] [http-nio-8080-exec-8] o.s.s.w.a.AnonymousAuthenticationFilter  : Set SecurityContextHolder to anonymous SecurityContext
2024-08-24T13:54:11.254+05:30 DEBUG 13212 --- [StockMarket] [http-nio-8080-exec-8] o.s.s.w.s.HttpSessionRequestCache        : Saved request http://localhost:8080/error?continue to session
2024-08-24T13:54:11.255+05:30 DEBUG 13212 --- [StockMarket] [http-nio-8080-exec-8] o.s.s.web.DefaultRedirectStrategy        : Redirecting to http://localhost:8080/login
2024-08-24T13:54:11.260+05:30 DEBUG 13212 --- [StockMarket] [http-nio-8080-exec-8] o.s.security.web.FilterChainProxy        : Securing GET /login
2024-08-24T13:54:11.260+05:30 DEBUG 13212 --- [StockMarket] [http-nio-8080-exec-8] o.s.security.web.FilterChainProxy        : Secured GET /login
2024-08-24T13:54:11.263+05:30 DEBUG 13212 --- [StockMarket] [http-nio-8080-exec-8] o.s.s.w.a.AnonymousAuthenticationFilter  : Set SecurityContextHolder to anonymous SecurityContext
2024-08-24T13:54:11.267+05:30 DEBUG 13212 --- [StockMarket] [http-nio-8080-exec-8] o.s.security.web.FilterChainProxy        : Securing GET /error
2024-08-24T13:54:11.268+05:30 DEBUG 13212 --- [StockMarket] [http-nio-8080-exec-8] o.s.s.w.a.AnonymousAuthenticationFilter  : Set SecurityContextHolder to anonymous SecurityContext
2024-08-24T13:54:11.268+05:30 DEBUG 13212 --- [StockMarket] [http-nio-8080-exec-8] o.s.s.w.s.HttpSessionRequestCache        : Saved request http://localhost:8080/error?continue to session
2024-08-24T13:54:11.269+05:30 DEBUG 13212 --- [StockMarket] [http-nio-8080-exec-8] o.s.s.web.DefaultRedirectStrategy        : Redirecting to http://localhost:8080/login
2024-08-24T13:54:11.275+05:30 DEBUG 13212 --- [StockMarket] [http-nio-8080-exec-8] o.s.security.web.FilterChainProxy        : Securing GET /login
2024-08-24T13:54:11.275+05:30 DEBUG 13212 --- [StockMarket] [http-nio-8080-exec-8] o.s.security.web.FilterChainProxy        : Secured GET /login
2024-08-24T13:54:11.277+05:30 DEBUG 13212 --- [StockMarket] [http-nio-8080-exec-8] o.s.s.w.a.AnonymousAuthenticationFilter  : Set SecurityContextHolder to anonymous SecurityContext
2024-08-24T13:54:11.279+05:30 DEBUG 13212 --- [StockMarket] [http-nio-8080-exec-8] o.s.security.web.FilterChainProxy        : Securing GET /error
2024-08-24T13:54:11.280+05:30 DEBUG 13212 --- [StockMarket] [http-nio-8080-exec-8] o.s.s.w.a.AnonymousAuthenticationFilter  : Set SecurityContextHolder to anonymous SecurityContext
2024-08-24T13:54:11.281+05:30 DEBUG 13212 --- [StockMarket] [http-nio-8080-exec-8] o.s.s.w.s.HttpSessionRequestCache        : Saved request http://localhost:8080/error?continue to session
2024-08-24T13:54:11.284+05:30 DEBUG 13212 --- [StockMarket] [http-nio-8080-exec-8] o.s.s.web.DefaultRedirectStrategy        : Redirecting to http://localhost:8080/login
2024-08-24T13:54:11.289+05:30 DEBUG 13212 --- [StockMarket] [http-nio-8080-exec-10] o.s.security.web.FilterChainProxy        : Securing GET /login
2024-08-24T13:54:11.290+05:30 DEBUG 13212 --- [StockMarket] [http-nio-8080-exec-10] o.s.security.web.FilterChainProxy        : Secured GET /login
2024-08-24T13:54:11.292+05:30 DEBUG 13212 --- [StockMarket] [http-nio-8080-exec-10] o.s.s.w.a.AnonymousAuthenticationFilter  : Set SecurityContextHolder to anonymous SecurityContext
2024-08-24T13:54:11.294+05:30 DEBUG 13212 --- [StockMarket] [http-nio-8080-exec-10] o.s.security.web.FilterChainProxy        : Securing GET /error
2024-08-24T13:54:11.294+05:30 DEBUG 13212 --- [StockMarket] [http-nio-8080-exec-10] o.s.s.w.a.AnonymousAuthenticationFilter  : Set SecurityContextHolder to anonymous SecurityContext
2024-08-24T13:54:11.296+05:30 DEBUG 13212 --- [StockMarket] [http-nio-8080-exec-10] o.s.s.w.s.HttpSessionRequestCache        : Saved request http://localhost:8080/error?continue to session
2024-08-24T13:54:11.296+05:30 DEBUG 13212 --- [StockMarket] [http-nio-8080-exec-10] o.s.s.web.DefaultRedirectStrategy        : Redirecting to http://localhost:8080/login
2024-08-24T13:54:11.302+05:30 DEBUG 13212 --- [StockMarket] [http-nio-8080-exec-10] o.s.security.web.FilterChainProxy        : Securing GET /login
2024-08-24T13:54:11.302+05:30 DEBUG 13212 --- [StockMarket] [http-nio-8080-exec-10] o.s.security.web.FilterChainProxy        : Secured GET /login
2024-08-24T13:54:11.304+05:30 DEBUG 13212 --- [StockMarket] [http-nio-8080-exec-10] o.s.s.w.a.AnonymousAuthenticationFilter  : Set SecurityContextHolder to anonymous SecurityContext
2024-08-24T13:54:11.305+05:30 DEBUG 13212 --- [StockMarket] [http-nio-8080-exec-10] o.s.security.web.FilterChainProxy        : Securing GET /error
2024-08-24T13:54:11.306+05:30 DEBUG 13212 --- [StockMarket] [http-nio-8080-exec-10] o.s.s.w.a.AnonymousAuthenticationFilter  : Set SecurityContextHolder to anonymous SecurityContext
2024-08-24T13:54:11.308+05:30 DEBUG 13212 --- [StockMarket] [http-nio-8080-exec-10] o.s.s.w.s.HttpSessionRequestCache        : Saved request http://localhost:8080/error?continue to session
2024-08-24T13:54:11.308+05:30 DEBUG 13212 --- [StockMarket] [http-nio-8080-exec-10] o.s.s.web.DefaultRedirectStrategy        : Redirecting to http://localhost:8080/login
2024-08-24T13:55:11.537+05:30 DEBUG 13212 --- [StockMarket] [http-nio-8080-exec-2] o.s.security.web.FilterChainProxy        : Securing POST /stockmarket/create
2024-08-24T13:55:11.545+05:30 DEBUG 13212 --- [StockMarket] [http-nio-8080-exec-2] o.s.s.w.a.AnonymousAuthenticationFilter  : Set SecurityContextHolder to anonymous SecurityContext
2024-08-24T13:55:11.547+05:30 DEBUG 13212 --- [StockMarket] [http-nio-8080-exec-2] o.s.s.w.s.HttpSessionRequestCache        : Saved request http://localhost:8080/stockmarket/create?continue to session
2024-08-24T13:55:11.548+05:30 DEBUG 13212 --- [StockMarket] [http-nio-8080-exec-2] o.s.s.web.DefaultRedirectStrategy        : Redirecting to http://localhost:8080/login
2024-08-24T13:55:11.560+05:30 DEBUG 13212 --- [StockMarket] [http-nio-8080-exec-3] o.s.security.web.FilterChainProxy        : Securing GET /login
2024-08-24T13:55:11.561+05:30 DEBUG 13212 --- [StockMarket] [http-nio-8080-exec-3] o.s.security.web.FilterChainProxy        : Secured GET /login
2024-08-24T13:55:11.627+05:30 DEBUG 13212 --- [StockMarket] [http-nio-8080-exec-3] o.s.s.w.a.AnonymousAuthenticationFilter  : Set SecurityContextHolder to anonymous SecurityContext
2024-08-24T13:55:11.634+05:30 DEBUG 13212 --- [StockMarket] [http-nio-8080-exec-3] o.s.security.web.FilterChainProxy        : Securing GET /error
2024-08-24T13:55:11.639+05:30 DEBUG 13212 --- [StockMarket] [http-nio-8080-exec-3] o.s.s.w.a.AnonymousAuthenticationFilter  : Set SecurityContextHolder to anonymous SecurityContext
2024-08-24T13:55:11.643+05:30 DEBUG 13212 --- [StockMarket] [http-nio-8080-exec-3] o.s.s.w.s.HttpSessionRequestCache        : Saved request http://localhost:8080/error?continue to session
2024-08-24T13:55:11.644+05:30 DEBUG 13212 --- [StockMarket] [http-nio-8080-exec-3] o.s.s.web.DefaultRedirectStrategy        : Redirecting to http://localhost:8080/login
2024-08-24T13:55:11.650+05:30 DEBUG 13212 --- [StockMarket] [http-nio-8080-exec-4] o.s.security.web.FilterChainProxy        : Securing GET /login
2024-08-24T13:55:11.653+05:30 DEBUG 13212 --- [StockMarket] [http-nio-8080-exec-4] o.s.security.web.FilterChainProxy        : Secured GET /login
2024-08-24T13:55:11.658+05:30 DEBUG 13212 --- [StockMarket] [http-nio-8080-exec-4] o.s.s.w.a.AnonymousAuthenticationFilter  : Set SecurityContextHolder to anonymous SecurityContext
2024-08-24T13:55:11.661+05:30 DEBUG 13212 --- [StockMarket] [http-nio-8080-exec-4] o.s.security.web.FilterChainProxy        : Securing GET /error
2024-08-24T13:55:11.662+05:30 DEBUG 13212 --- [StockMarket] [http-nio-8080-exec-4] o.s.s.w.a.AnonymousAuthenticationFilter  : Set SecurityContextHolder to anonymous SecurityContext
2024-08-24T13:55:11.663+05:30 DEBUG 13212 --- [StockMarket] [http-nio-8080-exec-4] o.s.s.w.s.HttpSessionRequestCache        : Saved request http://localhost:8080/error?continue to session
2024-08-24T13:55:11.663+05:30 DEBUG 13212 --- [StockMarket] [http-nio-8080-exec-4] o.s.s.web.DefaultRedirectStrategy        : Redirecting to http://localhost:8080/login
2024-08-24T13:55:11.667+05:30 DEBUG 13212 --- [StockMarket] [http-nio-8080-exec-5] o.s.security.web.FilterChainProxy        : Securing GET /login
2024-08-24T13:55:11.670+05:30 DEBUG 13212 --- [StockMarket] [http-nio-8080-exec-5] o.s.security.web.FilterChainProxy        : Secured GET /login
2024-08-24T13:55:11.673+05:30 DEBUG 13212 --- [StockMarket] [http-nio-8080-exec-5] o.s.s.w.a.AnonymousAuthenticationFilter  : Set SecurityContextHolder to anonymous SecurityContext
2024-08-24T13:55:11.675+05:30 DEBUG 13212 --- [StockMarket] [http-nio-8080-exec-5] o.s.security.web.FilterChainProxy        : Securing GET /error
2024-08-24T13:55:11.676+05:30 DEBUG 13212 --- [StockMarket] [http-nio-8080-exec-5] o.s.s.w.a.AnonymousAuthenticationFilter  : Set SecurityContextHolder to anonymous SecurityContext
2024-08-24T13:55:11.678+05:30 DEBUG 13212 --- [StockMarket] [http-nio-8080-exec-5] o.s.s.w.s.HttpSessionRequestCache        : Saved request http://localhost:8080/error?continue to session
2024-08-24T13:55:11.678+05:30 DEBUG 13212 --- [StockMarket] [http-nio-8080-exec-5] o.s.s.web.DefaultRedirectStrategy        : Redirecting to http://localhost:8080/login
2024-08-24T13:55:11.682+05:30 DEBUG 13212 --- [StockMarket] [http-nio-8080-exec-6] o.s.security.web.FilterChainProxy        : Securing GET /login
2024-08-24T13:55:11.683+05:30 DEBUG 13212 --- [StockMarket] [http-nio-8080-exec-6] o.s.security.web.FilterChainProxy        : Secured GET /login
2024-08-24T13:55:11.688+05:30 DEBUG 13212 --- [StockMarket] [http-nio-8080-exec-6] o.s.s.w.a.AnonymousAuthenticationFilter  : Set SecurityContextHolder to anonymous SecurityContext
2024-08-24T13:55:11.692+05:30 DEBUG 13212 --- [StockMarket] [http-nio-8080-exec-6] o.s.security.web.FilterChainProxy        : Securing GET /error
2024-08-24T13:55:11.693+05:30 DEBUG 13212 --- [StockMarket] [http-nio-8080-exec-6] o.s.s.w.a.AnonymousAuthenticationFilter  : Set SecurityContextHolder to anonymous SecurityContext
2024-08-24T13:55:11.694+05:30 DEBUG 13212 --- [StockMarket] [http-nio-8080-exec-6] o.s.s.w.s.HttpSessionRequestCache        : Saved request http://localhost:8080/error?continue to session
2024-08-24T13:55:11.694+05:30 DEBUG 13212 --- [StockMarket] [http-nio-8080-exec-6] o.s.s.web.DefaultRedirectStrategy        : Redirecting to http://localhost:8080/login
2024-08-24T13:55:11.777+05:30 DEBUG 13212 --- [StockMarket] [http-nio-8080-exec-7] o.s.security.web.FilterChainProxy        : Securing GET /login
2024-08-24T13:55:11.777+05:30 DEBUG 13212 --- [StockMarket] [http-nio-8080-exec-7] o.s.security.web.FilterChainProxy        : Secured GET /login
2024-08-24T13:55:11.782+05:30 DEBUG 13212 --- [StockMarket] [http-nio-8080-exec-7] o.s.s.w.a.AnonymousAuthenticationFilter  : Set SecurityContextHolder to anonymous SecurityContext
2024-08-24T13:55:11.786+05:30 DEBUG 13212 --- [StockMarket] [http-nio-8080-exec-7] o.s.security.web.FilterChainProxy        : Securing GET /error
2024-08-24T13:55:11.789+05:30 DEBUG 13212 --- [StockMarket] [http-nio-8080-exec-7] o.s.s.w.a.AnonymousAuthenticationFilter  : Set SecurityContextHolder to anonymous SecurityContext
2024-08-24T13:55:11.790+05:30 DEBUG 13212 --- [StockMarket] [http-nio-8080-exec-7] o.s.s.w.s.HttpSessionRequestCache        : Saved request http://localhost:8080/error?continue to session
2024-08-24T13:55:11.790+05:30 DEBUG 13212 --- [StockMarket] [http-nio-8080-exec-7] o.s.s.web.DefaultRedirectStrategy        : Redirecting to http://localhost:8080/login
2024-08-24T13:55:11.794+05:30 DEBUG 13212 --- [StockMarket] [http-nio-8080-exec-7] o.s.security.web.FilterChainProxy        : Securing GET /login
2024-08-24T13:55:11.795+05:30 DEBUG 13212 --- [StockMarket] [http-nio-8080-exec-7] o.s.security.web.FilterChainProxy        : Secured GET /login
2024-08-24T13:55:11.797+05:30 DEBUG 13212 --- [StockMarket] [http-nio-8080-exec-7] o.s.s.w.a.AnonymousAuthenticationFilter  : Set SecurityContextHolder to anonymous SecurityContext
2024-08-24T13:55:11.798+05:30 DEBUG 13212 --- [StockMarket] [http-nio-8080-exec-7] o.s.security.web.FilterChainProxy        : Securing GET /error
2024-08-24T13:55:11.798+05:30 DEBUG 13212 --- [StockMarket] [http-nio-8080-exec-7] o.s.s.w.a.AnonymousAuthenticationFilter  : Set SecurityContextHolder to anonymous SecurityContext
2024-08-24T13:55:11.800+05:30 DEBUG 13212 --- [StockMarket] [http-nio-8080-exec-7] o.s.s.w.s.HttpSessionRequestCache        : Saved request http://localhost:8080/error?continue to session
2024-08-24T13:55:11.800+05:30 DEBUG 13212 --- [StockMarket] [http-nio-8080-exec-7] o.s.s.web.DefaultRedirectStrategy        : Redirecting to http://localhost:8080/login
2024-08-24T13:55:11.805+05:30 DEBUG 13212 --- [StockMarket] [http-nio-8080-exec-7] o.s.security.web.FilterChainProxy        : Securing GET /login
2024-08-24T13:55:11.808+05:30 DEBUG 13212 --- [StockMarket] [http-nio-8080-exec-7] o.s.security.web.FilterChainProxy        : Secured GET /login
2024-08-24T13:55:11.812+05:30 DEBUG 13212 --- [StockMarket] [http-nio-8080-exec-7] o.s.s.w.a.AnonymousAuthenticationFilter  : Set SecurityContextHolder to anonymous SecurityContext
2024-08-24T13:55:11.817+05:30 DEBUG 13212 --- [StockMarket] [http-nio-8080-exec-7] o.s.security.web.FilterChainProxy        : Securing GET /error
2024-08-24T13:55:11.823+05:30 DEBUG 13212 --- [StockMarket] [http-nio-8080-exec-7] o.s.s.w.a.AnonymousAuthenticationFilter  : Set SecurityContextHolder to anonymous SecurityContext
2024-08-24T13:55:11.824+05:30 DEBUG 13212 --- [StockMarket] [http-nio-8080-exec-7] o.s.s.w.s.HttpSessionRequestCache        : Saved request http://localhost:8080/error?continue to session
2024-08-24T13:55:11.824+05:30 DEBUG 13212 --- [StockMarket] [http-nio-8080-exec-7] o.s.s.web.DefaultRedirectStrategy        : Redirecting to http://localhost:8080/login
2024-08-24T13:55:11.828+05:30 DEBUG 13212 --- [StockMarket] [http-nio-8080-exec-7] o.s.security.web.FilterChainProxy        : Securing GET /login
2024-08-24T13:55:11.828+05:30 DEBUG 13212 --- [StockMarket] [http-nio-8080-exec-7] o.s.security.web.FilterChainProxy        : Secured GET /login
2024-08-24T13:55:11.830+05:30 DEBUG 13212 --- [StockMarket] [http-nio-8080-exec-7] o.s.s.w.a.AnonymousAuthenticationFilter  : Set SecurityContextHolder to anonymous SecurityContext
2024-08-24T13:55:11.832+05:30 DEBUG 13212 --- [StockMarket] [http-nio-8080-exec-7] o.s.security.web.FilterChainProxy        : Securing GET /error
2024-08-24T13:55:11.832+05:30 DEBUG 13212 --- [StockMarket] [http-nio-8080-exec-7] o.s.s.w.a.AnonymousAuthenticationFilter  : Set SecurityContextHolder to anonymous SecurityContext
2024-08-24T13:55:11.835+05:30 DEBUG 13212 --- [StockMarket] [http-nio-8080-exec-7] o.s.s.w.s.HttpSessionRequestCache        : Saved request http://localhost:8080/error?continue to session
2024-08-24T13:55:11.836+05:30 DEBUG 13212 --- [StockMarket] [http-nio-8080-exec-7] o.s.s.web.DefaultRedirectStrategy        : Redirecting to http://localhost:8080/login
2024-08-24T13:55:11.845+05:30 DEBUG 13212 --- [StockMarket] [http-nio-8080-exec-8] o.s.security.web.FilterChainProxy        : Securing GET /login
2024-08-24T13:55:11.847+05:30 DEBUG 13212 --- [StockMarket] [http-nio-8080-exec-8] o.s.security.web.FilterChainProxy        : Secured GET /login
2024-08-24T13:55:11.849+05:30 DEBUG 13212 --- [StockMarket] [http-nio-8080-exec-8] o.s.s.w.a.AnonymousAuthenticationFilter  : Set SecurityContextHolder to anonymous SecurityContext
2024-08-24T13:55:11.850+05:30 DEBUG 13212 --- [StockMarket] [http-nio-8080-exec-8] o.s.security.web.FilterChainProxy        : Securing GET /error
2024-08-24T13:55:11.853+05:30 DEBUG 13212 --- [StockMarket] [http-nio-8080-exec-8] o.s.s.w.a.AnonymousAuthenticationFilter  : Set SecurityContextHolder to anonymous SecurityContext
2024-08-24T13:55:11.855+05:30 DEBUG 13212 --- [StockMarket] [http-nio-8080-exec-8] o.s.s.w.s.HttpSessionRequestCache        : Saved request http://localhost:8080/error?continue to session
2024-08-24T13:55:11.856+05:30 DEBUG 13212 --- [StockMarket] [http-nio-8080-exec-8] o.s.s.web.DefaultRedirectStrategy        : Redirecting to http://localhost:8080/login
2024-08-24T13:55:11.860+05:30 DEBUG 13212 --- [StockMarket] [http-nio-8080-exec-10] o.s.security.web.FilterChainProxy        : Securing GET /login
2024-08-24T13:55:11.860+05:30 DEBUG 13212 --- [StockMarket] [http-nio-8080-exec-10] o.s.security.web.FilterChainProxy        : Secured GET /login
2024-08-24T13:55:11.863+05:30 DEBUG 13212 --- [StockMarket] [http-nio-8080-exec-10] o.s.s.w.a.AnonymousAuthenticationFilter  : Set SecurityContextHolder to anonymous SecurityContext
2024-08-24T13:55:11.865+05:30 DEBUG 13212 --- [StockMarket] [http-nio-8080-exec-10] o.s.security.web.FilterChainProxy        : Securing GET /error
2024-08-24T13:55:11.866+05:30 DEBUG 13212 --- [StockMarket] [http-nio-8080-exec-10] o.s.s.w.a.AnonymousAuthenticationFilter  : Set SecurityContextHolder to anonymous SecurityContext
2024-08-24T13:55:11.867+05:30 DEBUG 13212 --- [StockMarket] [http-nio-8080-exec-10] o.s.s.w.s.HttpSessionRequestCache        : Saved request http://localhost:8080/error?continue to session
2024-08-24T13:55:11.867+05:30 DEBUG 13212 --- [StockMarket] [http-nio-8080-exec-10] o.s.s.web.DefaultRedirectStrategy        : Redirecting to http://localhost:8080/login
2024-08-24T13:55:37.203+05:30 DEBUG 13212 --- [StockMarket] [http-nio-8080-exec-2] o.s.security.web.FilterChainProxy        : Securing POST /stockmarket/create
2024-08-24T13:55:37.204+05:30 DEBUG 13212 --- [StockMarket] [http-nio-8080-exec-2] o.s.s.w.a.AnonymousAuthenticationFilter  : Set SecurityContextHolder to anonymous SecurityContext
2024-08-24T13:55:37.206+05:30 DEBUG 13212 --- [StockMarket] [http-nio-8080-exec-2] o.s.s.w.s.HttpSessionRequestCache        : Saved request http://localhost:8080/stockmarket/create?continue to session
2024-08-24T13:55:37.207+05:30 DEBUG 13212 --- [StockMarket] [http-nio-8080-exec-2] o.s.s.web.DefaultRedirectStrategy        : Redirecting to http://localhost:8080/login
2024-08-24T13:55:37.209+05:30 DEBUG 13212 --- [StockMarket] [http-nio-8080-exec-3] o.s.security.web.FilterChainProxy        : Securing GET /login
2024-08-24T13:55:37.210+05:30 DEBUG 13212 --- [StockMarket] [http-nio-8080-exec-3] o.s.security.web.FilterChainProxy        : Secured GET /login
2024-08-24T13:55:37.213+05:30 DEBUG 13212 --- [StockMarket] [http-nio-8080-exec-3] o.s.s.w.a.AnonymousAuthenticationFilter  : Set SecurityContextHolder to anonymous SecurityContext
2024-08-24T13:55:37.215+05:30 DEBUG 13212 --- [StockMarket] [http-nio-8080-exec-3] o.s.security.web.FilterChainProxy        : Securing GET /error
2024-08-24T13:55:37.216+05:30 DEBUG 13212 --- [StockMarket] [http-nio-8080-exec-3] o.s.s.w.a.AnonymousAuthenticationFilter  : Set SecurityContextHolder to anonymous SecurityContext
2024-08-24T13:55:37.218+05:30 DEBUG 13212 --- [StockMarket] [http-nio-8080-exec-3] o.s.s.w.s.HttpSessionRequestCache        : Saved request http://localhost:8080/error?continue to session
2024-08-24T13:55:37.218+05:30 DEBUG 13212 --- [StockMarket] [http-nio-8080-exec-3] o.s.s.web.DefaultRedirectStrategy        : Redirecting to http://localhost:8080/login
2024-08-24T13:55:37.223+05:30 DEBUG 13212 --- [StockMarket] [http-nio-8080-exec-4] o.s.security.web.FilterChainProxy        : Securing GET /login
2024-08-24T13:55:37.224+05:30 DEBUG 13212 --- [StockMarket] [http-nio-8080-exec-4] o.s.security.web.FilterChainProxy        : Secured GET /login
2024-08-24T13:55:37.225+05:30 DEBUG 13212 --- [StockMarket] [http-nio-8080-exec-4] o.s.s.w.a.AnonymousAuthenticationFilter  : Set SecurityContextHolder to anonymous SecurityContext
2024-08-24T13:55:37.225+05:30 DEBUG 13212 --- [StockMarket] [http-nio-8080-exec-4] o.s.security.web.FilterChainProxy        : Securing GET /error
2024-08-24T13:55:37.226+05:30 DEBUG 13212 --- [StockMarket] [http-nio-8080-exec-4] o.s.s.w.a.AnonymousAuthenticationFilter  : Set SecurityContextHolder to anonymous SecurityContext
2024-08-24T13:55:37.227+05:30 DEBUG 13212 --- [StockMarket] [http-nio-8080-exec-4] o.s.s.w.s.HttpSessionRequestCache        : Saved request http://localhost:8080/error?continue to session
2024-08-24T13:55:37.227+05:30 DEBUG 13212 --- [StockMarket] [http-nio-8080-exec-4] o.s.s.web.DefaultRedirectStrategy        : Redirecting to http://localhost:8080/login
2024-08-24T13:55:37.230+05:30 DEBUG 13212 --- [StockMarket] [http-nio-8080-exec-5] o.s.security.web.FilterChainProxy        : Securing GET /login
2024-08-24T13:55:37.231+05:30 DEBUG 13212 --- [StockMarket] [http-nio-8080-exec-5] o.s.security.web.FilterChainProxy        : Secured GET /login
2024-08-24T13:55:37.233+05:30 DEBUG 13212 --- [StockMarket] [http-nio-8080-exec-5] o.s.s.w.a.AnonymousAuthenticationFilter  : Set SecurityContextHolder to anonymous SecurityContext
2024-08-24T13:55:37.238+05:30 DEBUG 13212 --- [StockMarket] [http-nio-8080-exec-5] o.s.security.web.FilterChainProxy        : Securing GET /error
2024-08-24T13:55:37.238+05:30 DEBUG 13212 --- [StockMarket] [http-nio-8080-exec-5] o.s.s.w.a.AnonymousAuthenticationFilter  : Set SecurityContextHolder to anonymous SecurityContext
2024-08-24T13:55:37.240+05:30 DEBUG 13212 --- [StockMarket] [http-nio-8080-exec-5] o.s.s.w.s.HttpSessionRequestCache        : Saved request http://localhost:8080/error?continue to session
2024-08-24T13:55:37.240+05:30 DEBUG 13212 --- [StockMarket] [http-nio-8080-exec-5] o.s.s.web.DefaultRedirectStrategy        : Redirecting to http://localhost:8080/login
2024-08-24T13:55:37.249+05:30 DEBUG 13212 --- [StockMarket] [http-nio-8080-exec-6] o.s.security.web.FilterChainProxy        : Securing GET /login
2024-08-24T13:55:37.252+05:30 DEBUG 13212 --- [StockMarket] [http-nio-8080-exec-6] o.s.security.web.FilterChainProxy        : Secured GET /login
2024-08-24T13:55:37.255+05:30 DEBUG 13212 --- [StockMarket] [http-nio-8080-exec-6] o.s.s.w.a.AnonymousAuthenticationFilter  : Set SecurityContextHolder to anonymous SecurityContext
2024-08-24T13:55:37.265+05:30 DEBUG 13212 --- [StockMarket] [http-nio-8080-exec-6] o.s.security.web.FilterChainProxy        : Securing GET /error
2024-08-24T13:55:37.266+05:30 DEBUG 13212 --- [StockMarket] [http-nio-8080-exec-6] o.s.s.w.a.AnonymousAuthenticationFilter  : Set SecurityContextHolder to anonymous SecurityContext
2024-08-24T13:55:37.268+05:30 DEBUG 13212 --- [StockMarket] [http-nio-8080-exec-6] o.s.s.w.s.HttpSessionRequestCache        : Saved request http://localhost:8080/error?continue to session
2024-08-24T13:55:37.268+05:30 DEBUG 13212 --- [StockMarket] [http-nio-8080-exec-6] o.s.s.web.DefaultRedirectStrategy        : Redirecting to http://localhost:8080/login
2024-08-24T13:55:37.274+05:30 DEBUG 13212 --- [StockMarket] [http-nio-8080-exec-6] o.s.security.web.FilterChainProxy        : Securing GET /login
2024-08-24T13:55:37.275+05:30 DEBUG 13212 --- [StockMarket] [http-nio-8080-exec-6] o.s.security.web.FilterChainProxy        : Secured GET /login
2024-08-24T13:55:37.276+05:30 DEBUG 13212 --- [StockMarket] [http-nio-8080-exec-6] o.s.s.w.a.AnonymousAuthenticationFilter  : Set SecurityContextHolder to anonymous SecurityContext
2024-08-24T13:55:37.278+05:30 DEBUG 13212 --- [StockMarket] [http-nio-8080-exec-6] o.s.security.web.FilterChainProxy        : Securing GET /error
2024-08-24T13:55:37.279+05:30 DEBUG 13212 --- [StockMarket] [http-nio-8080-exec-6] o.s.s.w.a.AnonymousAuthenticationFilter  : Set SecurityContextHolder to anonymous SecurityContext
2024-08-24T13:55:37.281+05:30 DEBUG 13212 --- [StockMarket] [http-nio-8080-exec-6] o.s.s.w.s.HttpSessionRequestCache        : Saved request http://localhost:8080/error?continue to session
2024-08-24T13:55:37.281+05:30 DEBUG 13212 --- [StockMarket] [http-nio-8080-exec-6] o.s.s.web.DefaultRedirectStrategy        : Redirecting to http://localhost:8080/login
2024-08-24T13:55:37.290+05:30 DEBUG 13212 --- [StockMarket] [http-nio-8080-exec-9] o.s.security.web.FilterChainProxy        : Securing GET /login
2024-08-24T13:55:37.292+05:30 DEBUG 13212 --- [StockMarket] [http-nio-8080-exec-9] o.s.security.web.FilterChainProxy        : Secured GET /login
2024-08-24T13:55:37.293+05:30 DEBUG 13212 --- [StockMarket] [http-nio-8080-exec-9] o.s.s.w.a.AnonymousAuthenticationFilter  : Set SecurityContextHolder to anonymous SecurityContext
2024-08-24T13:55:37.294+05:30 DEBUG 13212 --- [StockMarket] [http-nio-8080-exec-9] o.s.security.web.FilterChainProxy        : Securing GET /error
2024-08-24T13:55:37.296+05:30 DEBUG 13212 --- [StockMarket] [http-nio-8080-exec-9] o.s.s.w.a.AnonymousAuthenticationFilter  : Set SecurityContextHolder to anonymous SecurityContext
2024-08-24T13:55:37.298+05:30 DEBUG 13212 --- [StockMarket] [http-nio-8080-exec-9] o.s.s.w.s.HttpSessionRequestCache        : Saved request http://localhost:8080/error?continue to session
2024-08-24T13:55:37.298+05:30 DEBUG 13212 --- [StockMarket] [http-nio-8080-exec-9] o.s.s.web.DefaultRedirectStrategy        : Redirecting to http://localhost:8080/login
2024-08-24T13:55:37.306+05:30 DEBUG 13212 --- [StockMarket] [http-nio-8080-exec-9] o.s.security.web.FilterChainProxy        : Securing GET /login
2024-08-24T13:55:37.308+05:30 DEBUG 13212 --- [StockMarket] [http-nio-8080-exec-9] o.s.security.web.FilterChainProxy        : Secured GET /login
2024-08-24T13:55:37.309+05:30 DEBUG 13212 --- [StockMarket] [http-nio-8080-exec-9] o.s.s.w.a.AnonymousAuthenticationFilter  : Set SecurityContextHolder to anonymous SecurityContext
2024-08-24T13:55:37.310+05:30 DEBUG 13212 --- [StockMarket] [http-nio-8080-exec-9] o.s.security.web.FilterChainProxy        : Securing GET /error
2024-08-24T13:55:37.310+05:30 DEBUG 13212 --- [StockMarket] [http-nio-8080-exec-9] o.s.s.w.a.AnonymousAuthenticationFilter  : Set SecurityContextHolder to anonymous SecurityContext
2024-08-24T13:55:37.312+05:30 DEBUG 13212 --- [StockMarket] [http-nio-8080-exec-9] o.s.s.w.s.HttpSessionRequestCache        : Saved request http://localhost:8080/error?continue to session
2024-08-24T13:55:37.312+05:30 DEBUG 13212 --- [StockMarket] [http-nio-8080-exec-9] o.s.s.web.DefaultRedirectStrategy        : Redirecting to http://localhost:8080/login
2024-08-24T13:55:37.316+05:30 DEBUG 13212 --- [StockMarket] [http-nio-8080-exec-7] o.s.security.web.FilterChainProxy        : Securing GET /login
2024-08-24T13:55:37.316+05:30 DEBUG 13212 --- [StockMarket] [http-nio-8080-exec-7] o.s.security.web.FilterChainProxy        : Secured GET /login
2024-08-24T13:55:37.322+05:30 DEBUG 13212 --- [StockMarket] [http-nio-8080-exec-7] o.s.s.w.a.AnonymousAuthenticationFilter  : Set SecurityContextHolder to anonymous SecurityContext
2024-08-24T13:55:37.323+05:30 DEBUG 13212 --- [StockMarket] [http-nio-8080-exec-7] o.s.security.web.FilterChainProxy        : Securing GET /error
2024-08-24T13:55:37.324+05:30 DEBUG 13212 --- [StockMarket] [http-nio-8080-exec-7] o.s.s.w.a.AnonymousAuthenticationFilter  : Set SecurityContextHolder to anonymous SecurityContext
2024-08-24T13:55:37.329+05:30 DEBUG 13212 --- [StockMarket] [http-nio-8080-exec-7] o.s.s.w.s.HttpSessionRequestCache        : Saved request http://localhost:8080/error?continue to session
2024-08-24T13:55:37.330+05:30 DEBUG 13212 --- [StockMarket] [http-nio-8080-exec-7] o.s.s.web.DefaultRedirectStrategy        : Redirecting to http://localhost:8080/login
2024-08-24T13:55:37.340+05:30 DEBUG 13212 --- [StockMarket] [http-nio-8080-exec-7] o.s.security.web.FilterChainProxy        : Securing GET /login
2024-08-24T13:55:37.340+05:30 DEBUG 13212 --- [StockMarket] [http-nio-8080-exec-7] o.s.security.web.FilterChainProxy        : Secured GET /login
2024-08-24T13:55:37.342+05:30 DEBUG 13212 --- [StockMarket] [http-nio-8080-exec-7] o.s.s.w.a.AnonymousAuthenticationFilter  : Set SecurityContextHolder to anonymous SecurityContext
2024-08-24T13:55:37.343+05:30 DEBUG 13212 --- [StockMarket] [http-nio-8080-exec-7] o.s.security.web.FilterChainProxy        : Securing GET /error
2024-08-24T13:55:37.343+05:30 DEBUG 13212 --- [StockMarket] [http-nio-8080-exec-7] o.s.s.w.a.AnonymousAuthenticationFilter  : Set SecurityContextHolder to anonymous SecurityContext
2024-08-24T13:55:37.345+05:30 DEBUG 13212 --- [StockMarket] [http-nio-8080-exec-7] o.s.s.w.s.HttpSessionRequestCache        : Saved request http://localhost:8080/error?continue to session
2024-08-24T13:55:37.345+05:30 DEBUG 13212 --- [StockMarket] [http-nio-8080-exec-7] o.s.s.web.DefaultRedirectStrategy        : Redirecting to http://localhost:8080/login
2024-08-24T13:55:37.357+05:30 DEBUG 13212 --- [StockMarket] [http-nio-8080-exec-8] o.s.security.web.FilterChainProxy        : Securing GET /login
2024-08-24T13:55:37.358+05:30 DEBUG 13212 --- [StockMarket] [http-nio-8080-exec-8] o.s.security.web.FilterChainProxy        : Secured GET /login
2024-08-24T13:55:37.363+05:30 DEBUG 13212 --- [StockMarket] [http-nio-8080-exec-8] o.s.s.w.a.AnonymousAuthenticationFilter  : Set SecurityContextHolder to anonymous SecurityContext
2024-08-24T13:55:37.364+05:30 DEBUG 13212 --- [StockMarket] [http-nio-8080-exec-8] o.s.security.web.FilterChainProxy        : Securing GET /error
2024-08-24T13:55:37.365+05:30 DEBUG 13212 --- [StockMarket] [http-nio-8080-exec-8] o.s.s.w.a.AnonymousAuthenticationFilter  : Set SecurityContextHolder to anonymous SecurityContext
2024-08-24T13:55:37.366+05:30 DEBUG 13212 --- [StockMarket] [http-nio-8080-exec-8] o.s.s.w.s.HttpSessionRequestCache        : Saved request http://localhost:8080/error?continue to session
2024-08-24T13:55:37.367+05:30 DEBUG 13212 --- [StockMarket] [http-nio-8080-exec-8] o.s.s.web.DefaultRedirectStrategy        : Redirecting to http://localhost:8080/login
2024-08-24T13:55:56.129+05:30 DEBUG 13212 --- [StockMarket] [http-nio-8080-exec-10] o.s.security.web.FilterChainProxy        : Securing POST /stockmarket/create
2024-08-24T13:55:56.130+05:30 DEBUG 13212 --- [StockMarket] [http-nio-8080-exec-10] o.s.s.w.a.AnonymousAuthenticationFilter  : Set SecurityContextHolder to anonymous SecurityContext
2024-08-24T13:55:56.130+05:30 DEBUG 13212 --- [StockMarket] [http-nio-8080-exec-10] o.s.s.w.s.HttpSessionRequestCache        : Saved request http://localhost:8080/stockmarket/create?continue to session
2024-08-24T13:55:56.132+05:30 DEBUG 13212 --- [StockMarket] [http-nio-8080-exec-10] o.s.s.web.DefaultRedirectStrategy        : Redirecting to http://localhost:8080/login
2024-08-24T13:55:56.136+05:30 DEBUG 13212 --- [StockMarket] [http-nio-8080-exec-1] o.s.security.web.FilterChainProxy        : Securing GET /login
2024-08-24T13:55:56.138+05:30 DEBUG 13212 --- [StockMarket] [http-nio-8080-exec-1] o.s.security.web.FilterChainProxy        : Secured GET /login
2024-08-24T13:55:56.142+05:30 DEBUG 13212 --- [StockMarket] [http-nio-8080-exec-1] o.s.s.w.a.AnonymousAuthenticationFilter  : Set SecurityContextHolder to anonymous SecurityContext
2024-08-24T13:55:56.144+05:30 DEBUG 13212 --- [StockMarket] [http-nio-8080-exec-1] o.s.security.web.FilterChainProxy        : Securing GET /error
2024-08-24T13:55:56.145+05:30 DEBUG 13212 --- [StockMarket] [http-nio-8080-exec-1] o.s.s.w.a.AnonymousAuthenticationFilter  : Set SecurityContextHolder to anonymous SecurityContext
2024-08-24T13:55:56.146+05:30 DEBUG 13212 --- [StockMarket] [http-nio-8080-exec-1] o.s.s.w.s.HttpSessionRequestCache        : Saved request http://localhost:8080/error?continue to session
2024-08-24T13:55:56.146+05:30 DEBUG 13212 --- [StockMarket] [http-nio-8080-exec-1] o.s.s.web.DefaultRedirectStrategy        : Redirecting to http://localhost:8080/login
2024-08-24T13:55:56.150+05:30 DEBUG 13212 --- [StockMarket] [http-nio-8080-exec-2] o.s.security.web.FilterChainProxy        : Securing GET /login
2024-08-24T13:55:56.150+05:30 DEBUG 13212 --- [StockMarket] [http-nio-8080-exec-2] o.s.security.web.FilterChainProxy        : Secured GET /login
2024-08-24T13:55:56.152+05:30 DEBUG 13212 --- [StockMarket] [http-nio-8080-exec-2] o.s.s.w.a.AnonymousAuthenticationFilter  : Set SecurityContextHolder to anonymous SecurityContext
2024-08-24T13:55:56.157+05:30 DEBUG 13212 --- [StockMarket] [http-nio-8080-exec-2] o.s.security.web.FilterChainProxy        : Securing GET /error
2024-08-24T13:55:56.157+05:30 DEBUG 13212 --- [StockMarket] [http-nio-8080-exec-2] o.s.s.w.a.AnonymousAuthenticationFilter  : Set SecurityContextHolder to anonymous SecurityContext
2024-08-24T13:55:56.161+05:30 DEBUG 13212 --- [StockMarket] [http-nio-8080-exec-2] o.s.s.w.s.HttpSessionRequestCache        : Saved request http://localhost:8080/error?continue to session
2024-08-24T13:55:56.161+05:30 DEBUG 13212 --- [StockMarket] [http-nio-8080-exec-2] o.s.s.web.DefaultRedirectStrategy        : Redirecting to http://localhost:8080/login
2024-08-24T13:55:56.166+05:30 DEBUG 13212 --- [StockMarket] [http-nio-8080-exec-3] o.s.security.web.FilterChainProxy        : Securing GET /login
2024-08-24T13:55:56.166+05:30 DEBUG 13212 --- [StockMarket] [http-nio-8080-exec-3] o.s.security.web.FilterChainProxy        : Secured GET /login
2024-08-24T13:55:56.167+05:30 DEBUG 13212 --- [StockMarket] [http-nio-8080-exec-3] o.s.s.w.a.AnonymousAuthenticationFilter  : Set SecurityContextHolder to anonymous SecurityContext
2024-08-24T13:55:56.169+05:30 DEBUG 13212 --- [StockMarket] [http-nio-8080-exec-3] o.s.security.web.FilterChainProxy        : Securing GET /error
2024-08-24T13:55:56.169+05:30 DEBUG 13212 --- [StockMarket] [http-nio-8080-exec-3] o.s.s.w.a.AnonymousAuthenticationFilter  : Set SecurityContextHolder to anonymous SecurityContext
2024-08-24T13:55:56.172+05:30 DEBUG 13212 --- [StockMarket] [http-nio-8080-exec-3] o.s.s.w.s.HttpSessionRequestCache        : Saved request http://localhost:8080/error?continue to session
2024-08-24T13:55:56.172+05:30 DEBUG 13212 --- [StockMarket] [http-nio-8080-exec-3] o.s.s.web.DefaultRedirectStrategy        : Redirecting to http://localhost:8080/login
2024-08-24T13:55:56.177+05:30 DEBUG 13212 --- [StockMarket] [http-nio-8080-exec-4] o.s.security.web.FilterChainProxy        : Securing GET /login
2024-08-24T13:55:56.178+05:30 DEBUG 13212 --- [StockMarket] [http-nio-8080-exec-4] o.s.security.web.FilterChainProxy        : Secured GET /login
2024-08-24T13:55:56.179+05:30 DEBUG 13212 --- [StockMarket] [http-nio-8080-exec-4] o.s.s.w.a.AnonymousAuthenticationFilter  : Set SecurityContextHolder to anonymous SecurityContext
2024-08-24T13:55:56.180+05:30 DEBUG 13212 --- [StockMarket] [http-nio-8080-exec-4] o.s.security.web.FilterChainProxy        : Securing GET /error
2024-08-24T13:55:56.180+05:30 DEBUG 13212 --- [StockMarket] [http-nio-8080-exec-4] o.s.s.w.a.AnonymousAuthenticationFilter  : Set SecurityContextHolder to anonymous SecurityContext
2024-08-24T13:55:56.183+05:30 DEBUG 13212 --- [StockMarket] [http-nio-8080-exec-4] o.s.s.w.s.HttpSessionRequestCache        : Saved request http://localhost:8080/error?continue to session
2024-08-24T13:55:56.183+05:30 DEBUG 13212 --- [StockMarket] [http-nio-8080-exec-4] o.s.s.web.DefaultRedirectStrategy        : Redirecting to http://localhost:8080/login
2024-08-24T13:55:56.192+05:30 DEBUG 13212 --- [StockMarket] [http-nio-8080-exec-5] o.s.security.web.FilterChainProxy        : Securing GET /login
2024-08-24T13:55:56.193+05:30 DEBUG 13212 --- [StockMarket] [http-nio-8080-exec-5] o.s.security.web.FilterChainProxy        : Secured GET /login
2024-08-24T13:55:56.197+05:30 DEBUG 13212 --- [StockMarket] [http-nio-8080-exec-5] o.s.s.w.a.AnonymousAuthenticationFilter  : Set SecurityContextHolder to anonymous SecurityContext
2024-08-24T13:55:56.199+05:30 DEBUG 13212 --- [StockMarket] [http-nio-8080-exec-5] o.s.security.web.FilterChainProxy        : Securing GET /error
2024-08-24T13:55:56.200+05:30 DEBUG 13212 --- [StockMarket] [http-nio-8080-exec-5] o.s.s.w.a.AnonymousAuthenticationFilter  : Set SecurityContextHolder to anonymous SecurityContext
2024-08-24T13:55:56.200+05:30 DEBUG 13212 --- [StockMarket] [http-nio-8080-exec-5] o.s.s.w.s.HttpSessionRequestCache        : Saved request http://localhost:8080/error?continue to session
2024-08-24T13:55:56.200+05:30 DEBUG 13212 --- [StockMarket] [http-nio-8080-exec-5] o.s.s.web.DefaultRedirectStrategy        : Redirecting to http://localhost:8080/login
2024-08-24T13:55:56.205+05:30 DEBUG 13212 --- [StockMarket] [http-nio-8080-exec-6] o.s.security.web.FilterChainProxy        : Securing GET /login
2024-08-24T13:55:56.206+05:30 DEBUG 13212 --- [StockMarket] [http-nio-8080-exec-6] o.s.security.web.FilterChainProxy        : Secured GET /login
2024-08-24T13:55:56.209+05:30 DEBUG 13212 --- [StockMarket] [http-nio-8080-exec-6] o.s.s.w.a.AnonymousAuthenticationFilter  : Set SecurityContextHolder to anonymous SecurityContext
2024-08-24T13:55:56.211+05:30 DEBUG 13212 --- [StockMarket] [http-nio-8080-exec-6] o.s.security.web.FilterChainProxy        : Securing GET /error
2024-08-24T13:55:56.212+05:30 DEBUG 13212 --- [StockMarket] [http-nio-8080-exec-6] o.s.s.w.a.AnonymousAuthenticationFilter  : Set SecurityContextHolder to anonymous SecurityContext
2024-08-24T13:55:56.214+05:30 DEBUG 13212 --- [StockMarket] [http-nio-8080-exec-6] o.s.s.w.s.HttpSessionRequestCache        : Saved request http://localhost:8080/error?continue to session
2024-08-24T13:55:56.214+05:30 DEBUG 13212 --- [StockMarket] [http-nio-8080-exec-6] o.s.s.web.DefaultRedirectStrategy        : Redirecting to http://localhost:8080/login
2024-08-24T13:55:56.218+05:30 DEBUG 13212 --- [StockMarket] [http-nio-8080-exec-9] o.s.security.web.FilterChainProxy        : Securing GET /login
2024-08-24T13:55:56.219+05:30 DEBUG 13212 --- [StockMarket] [http-nio-8080-exec-9] o.s.security.web.FilterChainProxy        : Secured GET /login
2024-08-24T13:55:56.225+05:30 DEBUG 13212 --- [StockMarket] [http-nio-8080-exec-9] o.s.s.w.a.AnonymousAuthenticationFilter  : Set SecurityContextHolder to anonymous SecurityContext
2024-08-24T13:55:56.228+05:30 DEBUG 13212 --- [StockMarket] [http-nio-8080-exec-9] o.s.security.web.FilterChainProxy        : Securing GET /error
2024-08-24T13:55:56.229+05:30 DEBUG 13212 --- [StockMarket] [http-nio-8080-exec-9] o.s.s.w.a.AnonymousAuthenticationFilter  : Set SecurityContextHolder to anonymous SecurityContext
2024-08-24T13:55:56.229+05:30 DEBUG 13212 --- [StockMarket] [http-nio-8080-exec-9] o.s.s.w.s.HttpSessionRequestCache        : Saved request http://localhost:8080/error?continue to session
2024-08-24T13:55:56.231+05:30 DEBUG 13212 --- [StockMarket] [http-nio-8080-exec-9] o.s.s.web.DefaultRedirectStrategy        : Redirecting to http://localhost:8080/login
2024-08-24T13:55:56.235+05:30 DEBUG 13212 --- [StockMarket] [http-nio-8080-exec-7] o.s.security.web.FilterChainProxy        : Securing GET /login
2024-08-24T13:55:56.235+05:30 DEBUG 13212 --- [StockMarket] [http-nio-8080-exec-7] o.s.security.web.FilterChainProxy        : Secured GET /login
2024-08-24T13:55:56.239+05:30 DEBUG 13212 --- [StockMarket] [http-nio-8080-exec-7] o.s.s.w.a.AnonymousAuthenticationFilter  : Set SecurityContextHolder to anonymous SecurityContext
2024-08-24T13:55:56.241+05:30 DEBUG 13212 --- [StockMarket] [http-nio-8080-exec-7] o.s.security.web.FilterChainProxy        : Securing GET /error
2024-08-24T13:55:56.243+05:30 DEBUG 13212 --- [StockMarket] [http-nio-8080-exec-7] o.s.s.w.a.AnonymousAuthenticationFilter  : Set SecurityContextHolder to anonymous SecurityContext
2024-08-24T13:55:56.244+05:30 DEBUG 13212 --- [StockMarket] [http-nio-8080-exec-7] o.s.s.w.s.HttpSessionRequestCache        : Saved request http://localhost:8080/error?continue to session
2024-08-24T13:55:56.244+05:30 DEBUG 13212 --- [StockMarket] [http-nio-8080-exec-7] o.s.s.web.DefaultRedirectStrategy        : Redirecting to http://localhost:8080/login
2024-08-24T13:55:56.251+05:30 DEBUG 13212 --- [StockMarket] [http-nio-8080-exec-8] o.s.security.web.FilterChainProxy        : Securing GET /login
2024-08-24T13:55:56.259+05:30 DEBUG 13212 --- [StockMarket] [http-nio-8080-exec-8] o.s.security.web.FilterChainProxy        : Secured GET /login
2024-08-24T13:55:56.264+05:30 DEBUG 13212 --- [StockMarket] [http-nio-8080-exec-8] o.s.s.w.a.AnonymousAuthenticationFilter  : Set SecurityContextHolder to anonymous SecurityContext
2024-08-24T13:55:56.266+05:30 DEBUG 13212 --- [StockMarket] [http-nio-8080-exec-8] o.s.security.web.FilterChainProxy        : Securing GET /error
2024-08-24T13:55:56.267+05:30 DEBUG 13212 --- [StockMarket] [http-nio-8080-exec-8] o.s.s.w.a.AnonymousAuthenticationFilter  : Set SecurityContextHolder to anonymous SecurityContext
2024-08-24T13:55:56.268+05:30 DEBUG 13212 --- [StockMarket] [http-nio-8080-exec-8] o.s.s.w.s.HttpSessionRequestCache        : Saved request http://localhost:8080/error?continue to session
2024-08-24T13:55:56.269+05:30 DEBUG 13212 --- [StockMarket] [http-nio-8080-exec-8] o.s.s.web.DefaultRedirectStrategy        : Redirecting to http://localhost:8080/login
2024-08-24T13:55:56.277+05:30 DEBUG 13212 --- [StockMarket] [http-nio-8080-exec-8] o.s.security.web.FilterChainProxy        : Securing GET /login
2024-08-24T13:55:56.279+05:30 DEBUG 13212 --- [StockMarket] [http-nio-8080-exec-8] o.s.security.web.FilterChainProxy        : Secured GET /login
2024-08-24T13:55:56.282+05:30 DEBUG 13212 --- [StockMarket] [http-nio-8080-exec-8] o.s.s.w.a.AnonymousAuthenticationFilter  : Set SecurityContextHolder to anonymous SecurityContext
2024-08-24T13:55:56.284+05:30 DEBUG 13212 --- [StockMarket] [http-nio-8080-exec-8] o.s.security.web.FilterChainProxy        : Securing GET /error
2024-08-24T13:55:56.284+05:30 DEBUG 13212 --- [StockMarket] [http-nio-8080-exec-8] o.s.s.w.a.AnonymousAuthenticationFilter  : Set SecurityContextHolder to anonymous SecurityContext
2024-08-24T13:55:56.285+05:30 DEBUG 13212 --- [StockMarket] [http-nio-8080-exec-8] o.s.s.w.s.HttpSessionRequestCache        : Saved request http://localhost:8080/error?continue to session
2024-08-24T13:55:56.285+05:30 DEBUG 13212 --- [StockMarket] [http-nio-8080-exec-8] o.s.s.web.DefaultRedirectStrategy        : Redirecting to http://localhost:8080/login
2024-08-24T13:56:01.245+05:30 DEBUG 13212 --- [StockMarket] [http-nio-8080-exec-1] o.s.security.web.FilterChainProxy        : Securing POST /stockmarket/create
2024-08-24T13:56:01.245+05:30 DEBUG 13212 --- [StockMarket] [http-nio-8080-exec-1] o.s.s.w.a.AnonymousAuthenticationFilter  : Set SecurityContextHolder to anonymous SecurityContext
2024-08-24T13:56:01.246+05:30 DEBUG 13212 --- [StockMarket] [http-nio-8080-exec-1] o.s.s.w.s.HttpSessionRequestCache        : Saved request http://localhost:8080/stockmarket/create?continue to session
2024-08-24T13:56:01.246+05:30 DEBUG 13212 --- [StockMarket] [http-nio-8080-exec-1] o.s.s.web.DefaultRedirectStrategy        : Redirecting to http://localhost:8080/login
2024-08-24T13:56:01.249+05:30 DEBUG 13212 --- [StockMarket] [http-nio-8080-exec-2] o.s.security.web.FilterChainProxy        : Securing GET /login
2024-08-24T13:56:01.249+05:30 DEBUG 13212 --- [StockMarket] [http-nio-8080-exec-2] o.s.security.web.FilterChainProxy        : Secured GET /login
2024-08-24T13:56:01.252+05:30 DEBUG 13212 --- [StockMarket] [http-nio-8080-exec-2] o.s.s.w.a.AnonymousAuthenticationFilter  : Set SecurityContextHolder to anonymous SecurityContext
2024-08-24T13:56:01.252+05:30 DEBUG 13212 --- [StockMarket] [http-nio-8080-exec-2] o.s.security.web.FilterChainProxy        : Securing GET /error
2024-08-24T13:56:01.255+05:30 DEBUG 13212 --- [StockMarket] [http-nio-8080-exec-2] o.s.s.w.a.AnonymousAuthenticationFilter  : Set SecurityContextHolder to anonymous SecurityContext
2024-08-24T13:56:01.257+05:30 DEBUG 13212 --- [StockMarket] [http-nio-8080-exec-2] o.s.s.w.s.HttpSessionRequestCache        : Saved request http://localhost:8080/error?continue to session
2024-08-24T13:56:01.257+05:30 DEBUG 13212 --- [StockMarket] [http-nio-8080-exec-2] o.s.s.web.DefaultRedirectStrategy        : Redirecting to http://localhost:8080/login
2024-08-24T13:56:01.260+05:30 DEBUG 13212 --- [StockMarket] [http-nio-8080-exec-3] o.s.security.web.FilterChainProxy        : Securing GET /login
2024-08-24T13:56:01.261+05:30 DEBUG 13212 --- [StockMarket] [http-nio-8080-exec-3] o.s.security.web.FilterChainProxy        : Secured GET /login
2024-08-24T13:56:01.264+05:30 DEBUG 13212 --- [StockMarket] [http-nio-8080-exec-3] o.s.s.w.a.AnonymousAuthenticationFilter  : Set SecurityContextHolder to anonymous SecurityContext
2024-08-24T13:56:01.266+05:30 DEBUG 13212 --- [StockMarket] [http-nio-8080-exec-3] o.s.security.web.FilterChainProxy        : Securing GET /error
2024-08-24T13:56:01.266+05:30 DEBUG 13212 --- [StockMarket] [http-nio-8080-exec-3] o.s.s.w.a.AnonymousAuthenticationFilter  : Set SecurityContextHolder to anonymous SecurityContext
2024-08-24T13:56:01.268+05:30 DEBUG 13212 --- [StockMarket] [http-nio-8080-exec-3] o.s.s.w.s.HttpSessionRequestCache        : Saved request http://localhost:8080/error?continue to session
2024-08-24T13:56:01.268+05:30 DEBUG 13212 --- [StockMarket] [http-nio-8080-exec-3] o.s.s.web.DefaultRedirectStrategy        : Redirecting to http://localhost:8080/login
2024-08-24T13:56:01.274+05:30 DEBUG 13212 --- [StockMarket] [http-nio-8080-exec-3] o.s.security.web.FilterChainProxy        : Securing GET /login
2024-08-24T13:56:01.274+05:30 DEBUG 13212 --- [StockMarket] [http-nio-8080-exec-3] o.s.security.web.FilterChainProxy        : Secured GET /login
2024-08-24T13:56:01.276+05:30 DEBUG 13212 --- [StockMarket] [http-nio-8080-exec-3] o.s.s.w.a.AnonymousAuthenticationFilter  : Set SecurityContextHolder to anonymous SecurityContext
2024-08-24T13:56:01.277+05:30 DEBUG 13212 --- [StockMarket] [http-nio-8080-exec-3] o.s.security.web.FilterChainProxy        : Securing GET /error
2024-08-24T13:56:01.278+05:30 DEBUG 13212 --- [StockMarket] [http-nio-8080-exec-3] o.s.s.w.a.AnonymousAuthenticationFilter  : Set SecurityContextHolder to anonymous SecurityContext
2024-08-24T13:56:01.278+05:30 DEBUG 13212 --- [StockMarket] [http-nio-8080-exec-3] o.s.s.w.s.HttpSessionRequestCache        : Saved request http://localhost:8080/error?continue to session
2024-08-24T13:56:01.278+05:30 DEBUG 13212 --- [StockMarket] [http-nio-8080-exec-3] o.s.s.web.DefaultRedirectStrategy        : Redirecting to http://localhost:8080/login
2024-08-24T13:56:01.280+05:30 DEBUG 13212 --- [StockMarket] [http-nio-8080-exec-5] o.s.security.web.FilterChainProxy        : Securing GET /login
2024-08-24T13:56:01.282+05:30 DEBUG 13212 --- [StockMarket] [http-nio-8080-exec-5] o.s.security.web.FilterChainProxy        : Secured GET /login
2024-08-24T13:56:01.283+05:30 DEBUG 13212 --- [StockMarket] [http-nio-8080-exec-5] o.s.s.w.a.AnonymousAuthenticationFilter  : Set SecurityContextHolder to anonymous SecurityContext
2024-08-24T13:56:01.284+05:30 DEBUG 13212 --- [StockMarket] [http-nio-8080-exec-5] o.s.security.web.FilterChainProxy        : Securing GET /error
2024-08-24T13:56:01.285+05:30 DEBUG 13212 --- [StockMarket] [http-nio-8080-exec-5] o.s.s.w.a.AnonymousAuthenticationFilter  : Set SecurityContextHolder to anonymous SecurityContext
2024-08-24T13:56:01.286+05:30 DEBUG 13212 --- [StockMarket] [http-nio-8080-exec-5] o.s.s.w.s.HttpSessionRequestCache        : Saved request http://localhost:8080/error?continue to session
2024-08-24T13:56:01.286+05:30 DEBUG 13212 --- [StockMarket] [http-nio-8080-exec-5] o.s.s.web.DefaultRedirectStrategy        : Redirecting to http://localhost:8080/login
2024-08-24T13:56:01.290+05:30 DEBUG 13212 --- [StockMarket] [http-nio-8080-exec-5] o.s.security.web.FilterChainProxy        : Securing GET /login
2024-08-24T13:56:01.290+05:30 DEBUG 13212 --- [StockMarket] [http-nio-8080-exec-5] o.s.security.web.FilterChainProxy        : Secured GET /login
2024-08-24T13:56:01.292+05:30 DEBUG 13212 --- [StockMarket] [http-nio-8080-exec-5] o.s.s.w.a.AnonymousAuthenticationFilter  : Set SecurityContextHolder to anonymous SecurityContext
2024-08-24T13:56:01.293+05:30 DEBUG 13212 --- [StockMarket] [http-nio-8080-exec-5] o.s.security.web.FilterChainProxy        : Securing GET /error
2024-08-24T13:56:01.295+05:30 DEBUG 13212 --- [StockMarket] [http-nio-8080-exec-5] o.s.s.w.a.AnonymousAuthenticationFilter  : Set SecurityContextHolder to anonymous SecurityContext
2024-08-24T13:56:01.296+05:30 DEBUG 13212 --- [StockMarket] [http-nio-8080-exec-5] o.s.s.w.s.HttpSessionRequestCache        : Saved request http://localhost:8080/error?continue to session
2024-08-24T13:56:01.296+05:30 DEBUG 13212 --- [StockMarket] [http-nio-8080-exec-5] o.s.s.web.DefaultRedirectStrategy        : Redirecting to http://localhost:8080/login
2024-08-24T13:56:01.299+05:30 DEBUG 13212 --- [StockMarket] [http-nio-8080-exec-9] o.s.security.web.FilterChainProxy        : Securing GET /login
2024-08-24T13:56:01.299+05:30 DEBUG 13212 --- [StockMarket] [http-nio-8080-exec-9] o.s.security.web.FilterChainProxy        : Secured GET /login
2024-08-24T13:56:01.300+05:30 DEBUG 13212 --- [StockMarket] [http-nio-8080-exec-9] o.s.s.w.a.AnonymousAuthenticationFilter  : Set SecurityContextHolder to anonymous SecurityContext
2024-08-24T13:56:01.300+05:30 DEBUG 13212 --- [StockMarket] [http-nio-8080-exec-9] o.s.security.web.FilterChainProxy        : Securing GET /error
2024-08-24T13:56:01.302+05:30 DEBUG 13212 --- [StockMarket] [http-nio-8080-exec-9] o.s.s.w.a.AnonymousAuthenticationFilter  : Set SecurityContextHolder to anonymous SecurityContext
2024-08-24T13:56:01.307+05:30 DEBUG 13212 --- [StockMarket] [http-nio-8080-exec-9] o.s.s.w.s.HttpSessionRequestCache        : Saved request http://localhost:8080/error?continue to session
2024-08-24T13:56:01.308+05:30 DEBUG 13212 --- [StockMarket] [http-nio-8080-exec-9] o.s.s.web.DefaultRedirectStrategy        : Redirecting to http://localhost:8080/login
2024-08-24T13:56:01.314+05:30 DEBUG 13212 --- [StockMarket] [http-nio-8080-exec-7] o.s.security.web.FilterChainProxy        : Securing GET /login
2024-08-24T13:56:01.314+05:30 DEBUG 13212 --- [StockMarket] [http-nio-8080-exec-7] o.s.security.web.FilterChainProxy        : Secured GET /login
2024-08-24T13:56:01.316+05:30 DEBUG 13212 --- [StockMarket] [http-nio-8080-exec-7] o.s.s.w.a.AnonymousAuthenticationFilter  : Set SecurityContextHolder to anonymous SecurityContext
2024-08-24T13:56:01.317+05:30 DEBUG 13212 --- [StockMarket] [http-nio-8080-exec-7] o.s.security.web.FilterChainProxy        : Securing GET /error
2024-08-24T13:56:01.317+05:30 DEBUG 13212 --- [StockMarket] [http-nio-8080-exec-7] o.s.s.w.a.AnonymousAuthenticationFilter  : Set SecurityContextHolder to anonymous SecurityContext
2024-08-24T13:56:01.318+05:30 DEBUG 13212 --- [StockMarket] [http-nio-8080-exec-7] o.s.s.w.s.HttpSessionRequestCache        : Saved request http://localhost:8080/error?continue to session
2024-08-24T13:56:01.319+05:30 DEBUG 13212 --- [StockMarket] [http-nio-8080-exec-7] o.s.s.web.DefaultRedirectStrategy        : Redirecting to http://localhost:8080/login
2024-08-24T13:56:01.325+05:30 DEBUG 13212 --- [StockMarket] [http-nio-8080-exec-10] o.s.security.web.FilterChainProxy        : Securing GET /login
2024-08-24T13:56:01.325+05:30 DEBUG 13212 --- [StockMarket] [http-nio-8080-exec-10] o.s.security.web.FilterChainProxy        : Secured GET /login
2024-08-24T13:56:01.327+05:30 DEBUG 13212 --- [StockMarket] [http-nio-8080-exec-10] o.s.s.w.a.AnonymousAuthenticationFilter  : Set SecurityContextHolder to anonymous SecurityContext
2024-08-24T13:56:01.328+05:30 DEBUG 13212 --- [StockMarket] [http-nio-8080-exec-10] o.s.security.web.FilterChainProxy        : Securing GET /error
2024-08-24T13:56:01.328+05:30 DEBUG 13212 --- [StockMarket] [http-nio-8080-exec-10] o.s.s.w.a.AnonymousAuthenticationFilter  : Set SecurityContextHolder to anonymous SecurityContext
2024-08-24T13:56:01.329+05:30 DEBUG 13212 --- [StockMarket] [http-nio-8080-exec-10] o.s.s.w.s.HttpSessionRequestCache        : Saved request http://localhost:8080/error?continue to session
2024-08-24T13:56:01.330+05:30 DEBUG 13212 --- [StockMarket] [http-nio-8080-exec-10] o.s.s.web.DefaultRedirectStrategy        : Redirecting to http://localhost:8080/login
2024-08-24T13:56:01.333+05:30 DEBUG 13212 --- [StockMarket] [http-nio-8080-exec-8] o.s.security.web.FilterChainProxy        : Securing GET /login
2024-08-24T13:56:01.334+05:30 DEBUG 13212 --- [StockMarket] [http-nio-8080-exec-8] o.s.security.web.FilterChainProxy        : Secured GET /login
2024-08-24T13:56:01.335+05:30 DEBUG 13212 --- [StockMarket] [http-nio-8080-exec-8] o.s.s.w.a.AnonymousAuthenticationFilter  : Set SecurityContextHolder to anonymous SecurityContext
2024-08-24T13:56:01.335+05:30 DEBUG 13212 --- [StockMarket] [http-nio-8080-exec-8] o.s.security.web.FilterChainProxy        : Securing GET /error
2024-08-24T13:56:01.336+05:30 DEBUG 13212 --- [StockMarket] [http-nio-8080-exec-8] o.s.s.w.a.AnonymousAuthenticationFilter  : Set SecurityContextHolder to anonymous SecurityContext
2024-08-24T13:56:01.340+05:30 DEBUG 13212 --- [StockMarket] [http-nio-8080-exec-8] o.s.s.w.s.HttpSessionRequestCache        : Saved request http://localhost:8080/error?continue to session
2024-08-24T13:56:01.340+05:30 DEBUG 13212 --- [StockMarket] [http-nio-8080-exec-8] o.s.s.web.DefaultRedirectStrategy        : Redirecting to http://localhost:8080/login
2024-08-24T13:56:01.343+05:30 DEBUG 13212 --- [StockMarket] [http-nio-8080-exec-1] o.s.security.web.FilterChainProxy        : Securing GET /login
2024-08-24T13:56:01.344+05:30 DEBUG 13212 --- [StockMarket] [http-nio-8080-exec-1] o.s.security.web.FilterChainProxy        : Secured GET /login
2024-08-24T13:56:01.345+05:30 DEBUG 13212 --- [StockMarket] [http-nio-8080-exec-1] o.s.s.w.a.AnonymousAuthenticationFilter  : Set SecurityContextHolder to anonymous SecurityContext
2024-08-24T13:56:01.346+05:30 DEBUG 13212 --- [StockMarket] [http-nio-8080-exec-1] o.s.security.web.FilterChainProxy        : Securing GET /error
2024-08-24T13:56:01.347+05:30 DEBUG 13212 --- [StockMarket] [http-nio-8080-exec-1] o.s.s.w.a.AnonymousAuthenticationFilter  : Set SecurityContextHolder to anonymous SecurityContext
2024-08-24T13:56:01.348+05:30 DEBUG 13212 --- [StockMarket] [http-nio-8080-exec-1] o.s.s.w.s.HttpSessionRequestCache        : Saved request http://localhost:8080/error?continue to session
2024-08-24T13:56:01.348+05:30 DEBUG 13212 --- [StockMarket] [http-nio-8080-exec-1] o.s.s.web.DefaultRedirectStrategy        : Redirecting to http://localhost:8080/login
2024-08-24T13:57:00.507+05:30  INFO 14388 --- [StockMarket] [main] S.B.StockMarket.StockMarketApplication   : Starting StockMarketApplication using Java 18.0.2.1 with PID 14388 (E:\CDAC\Projects\STOCK_Market\StockMarket\target\classes started by lenovo in E:\CDAC\Projects\STOCK_Market\StockMarket)
2024-08-24T13:57:00.512+05:30  INFO 14388 --- [StockMarket] [main] S.B.StockMarket.StockMarketApplication   : No active profile set, falling back to 1 default profile: "default"
2024-08-24T13:57:01.588+05:30  INFO 14388 --- [StockMarket] [main] .s.d.r.c.RepositoryConfigurationDelegate : Bootstrapping Spring Data JDBC repositories in DEFAULT mode.
2024-08-24T13:57:01.618+05:30  INFO 14388 --- [StockMarket] [main] .s.d.r.c.RepositoryConfigurationDelegate : Finished Spring Data repository scanning in 20 ms. Found 0 JDBC repository interfaces.
2024-08-24T13:57:02.564+05:30  INFO 14388 --- [StockMarket] [main] o.s.b.w.embedded.tomcat.TomcatWebServer  : Tomcat initialized with port 8080 (http)
2024-08-24T13:57:02.587+05:30  INFO 14388 --- [StockMarket] [main] o.apache.catalina.core.StandardService   : Starting service [Tomcat]
2024-08-24T13:57:02.587+05:30  INFO 14388 --- [StockMarket] [main] o.apache.catalina.core.StandardEngine    : Starting Servlet engine: [Apache Tomcat/10.1.28]
2024-08-24T13:57:02.719+05:30  INFO 14388 --- [StockMarket] [main] o.a.c.c.C.[Tomcat].[localhost].[/]       : Initializing Spring embedded WebApplicationContext
2024-08-24T13:57:02.720+05:30  INFO 14388 --- [StockMarket] [main] w.s.c.ServletWebServerApplicationContext : Root WebApplicationContext: initialization completed in 2136 ms
2024-08-24T13:57:03.262+05:30  INFO 14388 --- [StockMarket] [main] r$InitializeUserDetailsManagerConfigurer : Global AuthenticationManager configured with UserDetailsService bean with name userDetailsService
2024-08-24T13:57:03.590+05:30 DEBUG 14388 --- [StockMarket] [main] o.s.s.web.DefaultSecurityFilterChain     : Will secure any request with filters: DisableEncodeUrlFilter, WebAsyncManagerIntegrationFilter, SecurityContextHolderFilter, HeaderWriterFilter, LogoutFilter, UsernamePasswordAuthenticationFilter, RequestCacheAwareFilter, SecurityContextHolderAwareRequestFilter, AnonymousAuthenticationFilter, ExceptionTranslationFilter, AuthorizationFilter
2024-08-24T13:57:03.809+05:30  INFO 14388 --- [StockMarket] [main] com.zaxxer.hikari.HikariDataSource       : HikariPool-1 - Starting...
2024-08-24T13:57:04.319+05:30  INFO 14388 --- [StockMarket] [main] com.zaxxer.hikari.pool.HikariPool        : HikariPool-1 - Added connection com.mysql.cj.jdbc.ConnectionImpl@3f866f50
2024-08-24T13:57:04.327+05:30  INFO 14388 --- [StockMarket] [main] com.zaxxer.hikari.HikariDataSource       : HikariPool-1 - Start completed.
2024-08-24T13:57:04.604+05:30  INFO 14388 --- [StockMarket] [main] o.s.b.w.embedded.tomcat.TomcatWebServer  : Tomcat started on port 8080 (http) with context path '/'
2024-08-24T13:57:04.622+05:30  INFO 14388 --- [StockMarket] [main] S.B.StockMarket.StockMarketApplication   : Started StockMarketApplication in 4.864 seconds (process running for 5.387)
2024-08-24T13:57:08.770+05:30  INFO 14388 --- [StockMarket] [http-nio-8080-exec-1] o.a.c.c.C.[Tomcat].[localhost].[/]       : Initializing Spring DispatcherServlet 'dispatcherServlet'
2024-08-24T13:57:08.770+05:30  INFO 14388 --- [StockMarket] [http-nio-8080-exec-1] o.s.web.servlet.DispatcherServlet        : Initializing Servlet 'dispatcherServlet'
2024-08-24T13:57:08.773+05:30  INFO 14388 --- [StockMarket] [http-nio-8080-exec-1] o.s.web.servlet.DispatcherServlet        : Completed initialization in 3 ms
2024-08-24T13:57:08.807+05:30 DEBUG 14388 --- [StockMarket] [http-nio-8080-exec-1] o.s.security.web.FilterChainProxy        : Securing POST /stockmarket/create
2024-08-24T13:57:08.822+05:30 DEBUG 14388 --- [StockMarket] [http-nio-8080-exec-1] o.s.s.w.a.AnonymousAuthenticationFilter  : Set SecurityContextHolder to anonymous SecurityContext
2024-08-24T13:57:08.891+05:30 DEBUG 14388 --- [StockMarket] [http-nio-8080-exec-1] o.s.s.w.s.HttpSessionRequestCache        : Saved request http://localhost:8080/stockmarket/create?continue to session
2024-08-24T13:57:08.895+05:30 DEBUG 14388 --- [StockMarket] [http-nio-8080-exec-1] o.s.s.web.DefaultRedirectStrategy        : Redirecting to http://localhost:8080/login
2024-08-24T13:57:08.949+05:30 DEBUG 14388 --- [StockMarket] [http-nio-8080-exec-3] o.s.security.web.FilterChainProxy        : Securing GET /login
2024-08-24T13:57:08.950+05:30 DEBUG 14388 --- [StockMarket] [http-nio-8080-exec-3] o.s.security.web.FilterChainProxy        : Secured GET /login
2024-08-24T13:57:08.967+05:30 DEBUG 14388 --- [StockMarket] [http-nio-8080-exec-3] o.s.s.w.a.AnonymousAuthenticationFilter  : Set SecurityContextHolder to anonymous SecurityContext
2024-08-24T13:57:08.973+05:30 DEBUG 14388 --- [StockMarket] [http-nio-8080-exec-3] o.s.security.web.FilterChainProxy        : Securing GET /error
2024-08-24T13:57:08.975+05:30 DEBUG 14388 --- [StockMarket] [http-nio-8080-exec-3] o.s.s.w.a.AnonymousAuthenticationFilter  : Set SecurityContextHolder to anonymous SecurityContext
2024-08-24T13:57:08.978+05:30 DEBUG 14388 --- [StockMarket] [http-nio-8080-exec-3] o.s.s.w.s.HttpSessionRequestCache        : Saved request http://localhost:8080/error?continue to session
2024-08-24T13:57:08.978+05:30 DEBUG 14388 --- [StockMarket] [http-nio-8080-exec-3] o.s.s.web.DefaultRedirectStrategy        : Redirecting to http://localhost:8080/login
2024-08-24T13:57:08.983+05:30 DEBUG 14388 --- [StockMarket] [http-nio-8080-exec-4] o.s.security.web.FilterChainProxy        : Securing GET /login
2024-08-24T13:57:08.984+05:30 DEBUG 14388 --- [StockMarket] [http-nio-8080-exec-4] o.s.security.web.FilterChainProxy        : Secured GET /login
2024-08-24T13:57:08.986+05:30 DEBUG 14388 --- [StockMarket] [http-nio-8080-exec-4] o.s.s.w.a.AnonymousAuthenticationFilter  : Set SecurityContextHolder to anonymous SecurityContext
2024-08-24T13:57:08.987+05:30 DEBUG 14388 --- [StockMarket] [http-nio-8080-exec-4] o.s.security.web.FilterChainProxy        : Securing GET /error
2024-08-24T13:57:08.988+05:30 DEBUG 14388 --- [StockMarket] [http-nio-8080-exec-4] o.s.s.w.a.AnonymousAuthenticationFilter  : Set SecurityContextHolder to anonymous SecurityContext
2024-08-24T13:57:08.989+05:30 DEBUG 14388 --- [StockMarket] [http-nio-8080-exec-4] o.s.s.w.s.HttpSessionRequestCache        : Saved request http://localhost:8080/error?continue to session
2024-08-24T13:57:08.989+05:30 DEBUG 14388 --- [StockMarket] [http-nio-8080-exec-4] o.s.s.web.DefaultRedirectStrategy        : Redirecting to http://localhost:8080/login
2024-08-24T13:57:08.993+05:30 DEBUG 14388 --- [StockMarket] [http-nio-8080-exec-5] o.s.security.web.FilterChainProxy        : Securing GET /login
2024-08-24T13:57:08.994+05:30 DEBUG 14388 --- [StockMarket] [http-nio-8080-exec-5] o.s.security.web.FilterChainProxy        : Secured GET /login
2024-08-24T13:57:08.996+05:30 DEBUG 14388 --- [StockMarket] [http-nio-8080-exec-5] o.s.s.w.a.AnonymousAuthenticationFilter  : Set SecurityContextHolder to anonymous SecurityContext
2024-08-24T13:57:08.998+05:30 DEBUG 14388 --- [StockMarket] [http-nio-8080-exec-5] o.s.security.web.FilterChainProxy        : Securing GET /error
2024-08-24T13:57:08.999+05:30 DEBUG 14388 --- [StockMarket] [http-nio-8080-exec-5] o.s.s.w.a.AnonymousAuthenticationFilter  : Set SecurityContextHolder to anonymous SecurityContext
2024-08-24T13:57:09.000+05:30 DEBUG 14388 --- [StockMarket] [http-nio-8080-exec-5] o.s.s.w.s.HttpSessionRequestCache        : Saved request http://localhost:8080/error?continue to session
2024-08-24T13:57:09.000+05:30 DEBUG 14388 --- [StockMarket] [http-nio-8080-exec-5] o.s.s.web.DefaultRedirectStrategy        : Redirecting to http://localhost:8080/login
2024-08-24T13:57:09.004+05:30 DEBUG 14388 --- [StockMarket] [http-nio-8080-exec-6] o.s.security.web.FilterChainProxy        : Securing GET /login
2024-08-24T13:57:09.004+05:30 DEBUG 14388 --- [StockMarket] [http-nio-8080-exec-6] o.s.security.web.FilterChainProxy        : Secured GET /login
2024-08-24T13:57:09.005+05:30 DEBUG 14388 --- [StockMarket] [http-nio-8080-exec-6] o.s.s.w.a.AnonymousAuthenticationFilter  : Set SecurityContextHolder to anonymous SecurityContext
2024-08-24T13:57:09.010+05:30 DEBUG 14388 --- [StockMarket] [http-nio-8080-exec-6] o.s.security.web.FilterChainProxy        : Securing GET /error
2024-08-24T13:57:09.011+05:30 DEBUG 14388 --- [StockMarket] [http-nio-8080-exec-6] o.s.s.w.a.AnonymousAuthenticationFilter  : Set SecurityContextHolder to anonymous SecurityContext
2024-08-24T13:57:09.012+05:30 DEBUG 14388 --- [StockMarket] [http-nio-8080-exec-6] o.s.s.w.s.HttpSessionRequestCache        : Saved request http://localhost:8080/error?continue to session
2024-08-24T13:57:09.013+05:30 DEBUG 14388 --- [StockMarket] [http-nio-8080-exec-6] o.s.s.web.DefaultRedirectStrategy        : Redirecting to http://localhost:8080/login
2024-08-24T13:57:09.016+05:30 DEBUG 14388 --- [StockMarket] [http-nio-8080-exec-7] o.s.security.web.FilterChainProxy        : Securing GET /login
2024-08-24T13:57:09.017+05:30 DEBUG 14388 --- [StockMarket] [http-nio-8080-exec-7] o.s.security.web.FilterChainProxy        : Secured GET /login
2024-08-24T13:57:09.018+05:30 DEBUG 14388 --- [StockMarket] [http-nio-8080-exec-7] o.s.s.w.a.AnonymousAuthenticationFilter  : Set SecurityContextHolder to anonymous SecurityContext
2024-08-24T13:57:09.019+05:30 DEBUG 14388 --- [StockMarket] [http-nio-8080-exec-7] o.s.security.web.FilterChainProxy        : Securing GET /error
2024-08-24T13:57:09.020+05:30 DEBUG 14388 --- [StockMarket] [http-nio-8080-exec-7] o.s.s.w.a.AnonymousAuthenticationFilter  : Set SecurityContextHolder to anonymous SecurityContext
2024-08-24T13:57:09.022+05:30 DEBUG 14388 --- [StockMarket] [http-nio-8080-exec-7] o.s.s.w.s.HttpSessionRequestCache        : Saved request http://localhost:8080/error?continue to session
2024-08-24T13:57:09.022+05:30 DEBUG 14388 --- [StockMarket] [http-nio-8080-exec-7] o.s.s.web.DefaultRedirectStrategy        : Redirecting to http://localhost:8080/login
2024-08-24T13:57:09.030+05:30 DEBUG 14388 --- [StockMarket] [http-nio-8080-exec-7] o.s.security.web.FilterChainProxy        : Securing GET /login
2024-08-24T13:57:09.030+05:30 DEBUG 14388 --- [StockMarket] [http-nio-8080-exec-7] o.s.security.web.FilterChainProxy        : Secured GET /login
2024-08-24T13:57:09.032+05:30 DEBUG 14388 --- [StockMarket] [http-nio-8080-exec-7] o.s.s.w.a.AnonymousAuthenticationFilter  : Set SecurityContextHolder to anonymous SecurityContext
2024-08-24T13:57:09.033+05:30 DEBUG 14388 --- [StockMarket] [http-nio-8080-exec-7] o.s.security.web.FilterChainProxy        : Securing GET /error
2024-08-24T13:57:09.033+05:30 DEBUG 14388 --- [StockMarket] [http-nio-8080-exec-7] o.s.s.w.a.AnonymousAuthenticationFilter  : Set SecurityContextHolder to anonymous SecurityContext
2024-08-24T13:57:09.034+05:30 DEBUG 14388 --- [StockMarket] [http-nio-8080-exec-7] o.s.s.w.s.HttpSessionRequestCache        : Saved request http://localhost:8080/error?continue to session
2024-08-24T13:57:09.034+05:30 DEBUG 14388 --- [StockMarket] [http-nio-8080-exec-7] o.s.s.web.DefaultRedirectStrategy        : Redirecting to http://localhost:8080/login
2024-08-24T13:57:09.037+05:30 DEBUG 14388 --- [StockMarket] [http-nio-8080-exec-9] o.s.security.web.FilterChainProxy        : Securing GET /login
2024-08-24T13:57:09.038+05:30 DEBUG 14388 --- [StockMarket] [http-nio-8080-exec-9] o.s.security.web.FilterChainProxy        : Secured GET /login
2024-08-24T13:57:09.040+05:30 DEBUG 14388 --- [StockMarket] [http-nio-8080-exec-9] o.s.s.w.a.AnonymousAuthenticationFilter  : Set SecurityContextHolder to anonymous SecurityContext
2024-08-24T13:57:09.044+05:30 DEBUG 14388 --- [StockMarket] [http-nio-8080-exec-9] o.s.security.web.FilterChainProxy        : Securing GET /error
2024-08-24T13:57:09.044+05:30 DEBUG 14388 --- [StockMarket] [http-nio-8080-exec-9] o.s.s.w.a.AnonymousAuthenticationFilter  : Set SecurityContextHolder to anonymous SecurityContext
2024-08-24T13:57:09.045+05:30 DEBUG 14388 --- [StockMarket] [http-nio-8080-exec-9] o.s.s.w.s.HttpSessionRequestCache        : Saved request http://localhost:8080/error?continue to session
2024-08-24T13:57:09.045+05:30 DEBUG 14388 --- [StockMarket] [http-nio-8080-exec-9] o.s.s.web.DefaultRedirectStrategy        : Redirecting to http://localhost:8080/login
2024-08-24T13:57:09.048+05:30 DEBUG 14388 --- [StockMarket] [http-nio-8080-exec-10] o.s.security.web.FilterChainProxy        : Securing GET /login
2024-08-24T13:57:09.049+05:30 DEBUG 14388 --- [StockMarket] [http-nio-8080-exec-10] o.s.security.web.FilterChainProxy        : Secured GET /login
2024-08-24T13:57:09.050+05:30 DEBUG 14388 --- [StockMarket] [http-nio-8080-exec-10] o.s.s.w.a.AnonymousAuthenticationFilter  : Set SecurityContextHolder to anonymous SecurityContext
2024-08-24T13:57:09.052+05:30 DEBUG 14388 --- [StockMarket] [http-nio-8080-exec-10] o.s.security.web.FilterChainProxy        : Securing GET /error
2024-08-24T13:57:09.052+05:30 DEBUG 14388 --- [StockMarket] [http-nio-8080-exec-10] o.s.s.w.a.AnonymousAuthenticationFilter  : Set SecurityContextHolder to anonymous SecurityContext
2024-08-24T13:57:09.053+05:30 DEBUG 14388 --- [StockMarket] [http-nio-8080-exec-10] o.s.s.w.s.HttpSessionRequestCache        : Saved request http://localhost:8080/error?continue to session
2024-08-24T13:57:09.053+05:30 DEBUG 14388 --- [StockMarket] [http-nio-8080-exec-10] o.s.s.web.DefaultRedirectStrategy        : Redirecting to http://localhost:8080/login
2024-08-24T13:57:09.062+05:30 DEBUG 14388 --- [StockMarket] [http-nio-8080-exec-2] o.s.security.web.FilterChainProxy        : Securing GET /login
2024-08-24T13:57:09.063+05:30 DEBUG 14388 --- [StockMarket] [http-nio-8080-exec-2] o.s.security.web.FilterChainProxy        : Secured GET /login
2024-08-24T13:57:09.065+05:30 DEBUG 14388 --- [StockMarket] [http-nio-8080-exec-2] o.s.s.w.a.AnonymousAuthenticationFilter  : Set SecurityContextHolder to anonymous SecurityContext
2024-08-24T13:57:09.066+05:30 DEBUG 14388 --- [StockMarket] [http-nio-8080-exec-2] o.s.security.web.FilterChainProxy        : Securing GET /error
2024-08-24T13:57:09.066+05:30 DEBUG 14388 --- [StockMarket] [http-nio-8080-exec-2] o.s.s.w.a.AnonymousAuthenticationFilter  : Set SecurityContextHolder to anonymous SecurityContext
2024-08-24T13:57:09.067+05:30 DEBUG 14388 --- [StockMarket] [http-nio-8080-exec-2] o.s.s.w.s.HttpSessionRequestCache        : Saved request http://localhost:8080/error?continue to session
2024-08-24T13:57:09.067+05:30 DEBUG 14388 --- [StockMarket] [http-nio-8080-exec-2] o.s.s.web.DefaultRedirectStrategy        : Redirecting to http://localhost:8080/login
2024-08-24T13:57:09.077+05:30 DEBUG 14388 --- [StockMarket] [http-nio-8080-exec-2] o.s.security.web.FilterChainProxy        : Securing GET /login
2024-08-24T13:57:09.077+05:30 DEBUG 14388 --- [StockMarket] [http-nio-8080-exec-2] o.s.security.web.FilterChainProxy        : Secured GET /login
2024-08-24T13:57:09.079+05:30 DEBUG 14388 --- [StockMarket] [http-nio-8080-exec-2] o.s.s.w.a.AnonymousAuthenticationFilter  : Set SecurityContextHolder to anonymous SecurityContext
2024-08-24T13:57:09.080+05:30 DEBUG 14388 --- [StockMarket] [http-nio-8080-exec-2] o.s.security.web.FilterChainProxy        : Securing GET /error
2024-08-24T13:57:09.080+05:30 DEBUG 14388 --- [StockMarket] [http-nio-8080-exec-2] o.s.s.w.a.AnonymousAuthenticationFilter  : Set SecurityContextHolder to anonymous SecurityContext
2024-08-24T13:57:09.084+05:30 DEBUG 14388 --- [StockMarket] [http-nio-8080-exec-2] o.s.s.w.s.HttpSessionRequestCache        : Saved request http://localhost:8080/error?continue to session
2024-08-24T13:57:09.084+05:30 DEBUG 14388 --- [StockMarket] [http-nio-8080-exec-2] o.s.s.web.DefaultRedirectStrategy        : Redirecting to http://localhost:8080/login
2024-08-24T14:08:22.843+05:30 DEBUG 14388 --- [StockMarket] [http-nio-8080-exec-5] o.s.security.web.FilterChainProxy        : Securing POST /stockmarket/create
2024-08-24T14:08:23.223+05:30 DEBUG 14388 --- [StockMarket] [http-nio-8080-exec-5] o.s.s.w.a.AnonymousAuthenticationFilter  : Set SecurityContextHolder to anonymous SecurityContext
2024-08-24T14:08:23.268+05:30 DEBUG 14388 --- [StockMarket] [http-nio-8080-exec-5] o.s.s.w.s.HttpSessionRequestCache        : Saved request http://localhost:8080/stockmarket/create?continue to session
2024-08-24T14:08:23.277+05:30 DEBUG 14388 --- [StockMarket] [http-nio-8080-exec-5] o.s.s.web.DefaultRedirectStrategy        : Redirecting to http://localhost:8080/login
2024-08-24T14:08:23.313+05:30 DEBUG 14388 --- [StockMarket] [http-nio-8080-exec-6] o.s.security.web.FilterChainProxy        : Securing GET /login
2024-08-24T14:08:23.315+05:30 DEBUG 14388 --- [StockMarket] [http-nio-8080-exec-6] o.s.security.web.FilterChainProxy        : Secured GET /login
2024-08-24T14:08:23.540+05:30 DEBUG 14388 --- [StockMarket] [http-nio-8080-exec-6] o.s.s.w.a.AnonymousAuthenticationFilter  : Set SecurityContextHolder to anonymous SecurityContext
2024-08-24T14:08:23.549+05:30 DEBUG 14388 --- [StockMarket] [http-nio-8080-exec-6] o.s.security.web.FilterChainProxy        : Securing GET /error
2024-08-24T14:08:23.549+05:30 DEBUG 14388 --- [StockMarket] [http-nio-8080-exec-6] o.s.s.w.a.AnonymousAuthenticationFilter  : Set SecurityContextHolder to anonymous SecurityContext
2024-08-24T14:08:23.550+05:30 DEBUG 14388 --- [StockMarket] [http-nio-8080-exec-6] o.s.s.w.s.HttpSessionRequestCache        : Saved request http://localhost:8080/error?continue to session
2024-08-24T14:08:23.550+05:30 DEBUG 14388 --- [StockMarket] [http-nio-8080-exec-6] o.s.s.web.DefaultRedirectStrategy        : Redirecting to http://localhost:8080/login
2024-08-24T14:08:23.557+05:30 DEBUG 14388 --- [StockMarket] [http-nio-8080-exec-8] o.s.security.web.FilterChainProxy        : Securing GET /login
2024-08-24T14:08:23.557+05:30 DEBUG 14388 --- [StockMarket] [http-nio-8080-exec-8] o.s.security.web.FilterChainProxy        : Secured GET /login
2024-08-24T14:08:23.559+05:30 DEBUG 14388 --- [StockMarket] [http-nio-8080-exec-8] o.s.s.w.a.AnonymousAuthenticationFilter  : Set SecurityContextHolder to anonymous SecurityContext
2024-08-24T14:08:23.560+05:30 DEBUG 14388 --- [StockMarket] [http-nio-8080-exec-8] o.s.security.web.FilterChainProxy        : Securing GET /error
2024-08-24T14:08:23.560+05:30 DEBUG 14388 --- [StockMarket] [http-nio-8080-exec-8] o.s.s.w.a.AnonymousAuthenticationFilter  : Set SecurityContextHolder to anonymous SecurityContext
2024-08-24T14:08:23.565+05:30 DEBUG 14388 --- [StockMarket] [http-nio-8080-exec-8] o.s.s.w.s.HttpSessionRequestCache        : Saved request http://localhost:8080/error?continue to session
2024-08-24T14:08:23.565+05:30 DEBUG 14388 --- [StockMarket] [http-nio-8080-exec-8] o.s.s.web.DefaultRedirectStrategy        : Redirecting to http://localhost:8080/login
2024-08-24T14:08:23.571+05:30 DEBUG 14388 --- [StockMarket] [http-nio-8080-exec-7] o.s.security.web.FilterChainProxy        : Securing GET /login
2024-08-24T14:08:23.571+05:30 DEBUG 14388 --- [StockMarket] [http-nio-8080-exec-7] o.s.security.web.FilterChainProxy        : Secured GET /login
2024-08-24T14:08:23.573+05:30 DEBUG 14388 --- [StockMarket] [http-nio-8080-exec-7] o.s.s.w.a.AnonymousAuthenticationFilter  : Set SecurityContextHolder to anonymous SecurityContext
2024-08-24T14:08:23.574+05:30 DEBUG 14388 --- [StockMarket] [http-nio-8080-exec-7] o.s.security.web.FilterChainProxy        : Securing GET /error
2024-08-24T14:08:23.575+05:30 DEBUG 14388 --- [StockMarket] [http-nio-8080-exec-7] o.s.s.w.a.AnonymousAuthenticationFilter  : Set SecurityContextHolder to anonymous SecurityContext
2024-08-24T14:08:23.576+05:30 DEBUG 14388 --- [StockMarket] [http-nio-8080-exec-7] o.s.s.w.s.HttpSessionRequestCache        : Saved request http://localhost:8080/error?continue to session
2024-08-24T14:08:23.577+05:30 DEBUG 14388 --- [StockMarket] [http-nio-8080-exec-7] o.s.s.web.DefaultRedirectStrategy        : Redirecting to http://localhost:8080/login
2024-08-24T14:08:23.582+05:30 DEBUG 14388 --- [StockMarket] [http-nio-8080-exec-7] o.s.security.web.FilterChainProxy        : Securing GET /login
2024-08-24T14:08:23.583+05:30 DEBUG 14388 --- [StockMarket] [http-nio-8080-exec-7] o.s.security.web.FilterChainProxy        : Secured GET /login
2024-08-24T14:08:23.585+05:30 DEBUG 14388 --- [StockMarket] [http-nio-8080-exec-7] o.s.s.w.a.AnonymousAuthenticationFilter  : Set SecurityContextHolder to anonymous SecurityContext
2024-08-24T14:08:23.587+05:30 DEBUG 14388 --- [StockMarket] [http-nio-8080-exec-7] o.s.security.web.FilterChainProxy        : Securing GET /error
2024-08-24T14:08:23.587+05:30 DEBUG 14388 --- [StockMarket] [http-nio-8080-exec-7] o.s.s.w.a.AnonymousAuthenticationFilter  : Set SecurityContextHolder to anonymous SecurityContext
2024-08-24T14:08:23.588+05:30 DEBUG 14388 --- [StockMarket] [http-nio-8080-exec-7] o.s.s.w.s.HttpSessionRequestCache        : Saved request http://localhost:8080/error?continue to session
2024-08-24T14:08:23.589+05:30 DEBUG 14388 --- [StockMarket] [http-nio-8080-exec-7] o.s.s.web.DefaultRedirectStrategy        : Redirecting to http://localhost:8080/login
2024-08-24T14:08:23.592+05:30 DEBUG 14388 --- [StockMarket] [http-nio-8080-exec-7] o.s.security.web.FilterChainProxy        : Securing GET /login
2024-08-24T14:08:23.592+05:30 DEBUG 14388 --- [StockMarket] [http-nio-8080-exec-7] o.s.security.web.FilterChainProxy        : Secured GET /login
2024-08-24T14:08:23.594+05:30 DEBUG 14388 --- [StockMarket] [http-nio-8080-exec-7] o.s.s.w.a.AnonymousAuthenticationFilter  : Set SecurityContextHolder to anonymous SecurityContext
2024-08-24T14:08:23.599+05:30 DEBUG 14388 --- [StockMarket] [http-nio-8080-exec-7] o.s.security.web.FilterChainProxy        : Securing GET /error
2024-08-24T14:08:23.600+05:30 DEBUG 14388 --- [StockMarket] [http-nio-8080-exec-7] o.s.s.w.a.AnonymousAuthenticationFilter  : Set SecurityContextHolder to anonymous SecurityContext
2024-08-24T14:08:23.601+05:30 DEBUG 14388 --- [StockMarket] [http-nio-8080-exec-7] o.s.s.w.s.HttpSessionRequestCache        : Saved request http://localhost:8080/error?continue to session
2024-08-24T14:08:23.604+05:30 DEBUG 14388 --- [StockMarket] [http-nio-8080-exec-7] o.s.s.web.DefaultRedirectStrategy        : Redirecting to http://localhost:8080/login
2024-08-24T14:08:23.626+05:30 DEBUG 14388 --- [StockMarket] [http-nio-8080-exec-7] o.s.security.web.FilterChainProxy        : Securing GET /login
2024-08-24T14:08:23.636+05:30 DEBUG 14388 --- [StockMarket] [http-nio-8080-exec-7] o.s.security.web.FilterChainProxy        : Secured GET /login
2024-08-24T14:08:23.639+05:30 DEBUG 14388 --- [StockMarket] [http-nio-8080-exec-7] o.s.s.w.a.AnonymousAuthenticationFilter  : Set SecurityContextHolder to anonymous SecurityContext
2024-08-24T14:08:23.642+05:30 DEBUG 14388 --- [StockMarket] [http-nio-8080-exec-7] o.s.security.web.FilterChainProxy        : Securing GET /error
2024-08-24T14:08:23.643+05:30 DEBUG 14388 --- [StockMarket] [http-nio-8080-exec-7] o.s.s.w.a.AnonymousAuthenticationFilter  : Set SecurityContextHolder to anonymous SecurityContext
2024-08-24T14:08:23.648+05:30 DEBUG 14388 --- [StockMarket] [http-nio-8080-exec-7] o.s.s.w.s.HttpSessionRequestCache        : Saved request http://localhost:8080/error?continue to session
2024-08-24T14:08:23.649+05:30 DEBUG 14388 --- [StockMarket] [http-nio-8080-exec-7] o.s.s.web.DefaultRedirectStrategy        : Redirecting to http://localhost:8080/login
2024-08-24T14:08:23.652+05:30 DEBUG 14388 --- [StockMarket] [http-nio-8080-exec-9] o.s.security.web.FilterChainProxy        : Securing GET /login
2024-08-24T14:08:23.653+05:30 DEBUG 14388 --- [StockMarket] [http-nio-8080-exec-9] o.s.security.web.FilterChainProxy        : Secured GET /login
2024-08-24T14:08:23.655+05:30 DEBUG 14388 --- [StockMarket] [http-nio-8080-exec-9] o.s.s.w.a.AnonymousAuthenticationFilter  : Set SecurityContextHolder to anonymous SecurityContext
2024-08-24T14:08:23.656+05:30 DEBUG 14388 --- [StockMarket] [http-nio-8080-exec-9] o.s.security.web.FilterChainProxy        : Securing GET /error
2024-08-24T14:08:23.658+05:30 DEBUG 14388 --- [StockMarket] [http-nio-8080-exec-9] o.s.s.w.a.AnonymousAuthenticationFilter  : Set SecurityContextHolder to anonymous SecurityContext
2024-08-24T14:08:23.660+05:30 DEBUG 14388 --- [StockMarket] [http-nio-8080-exec-9] o.s.s.w.s.HttpSessionRequestCache        : Saved request http://localhost:8080/error?continue to session
2024-08-24T14:08:23.660+05:30 DEBUG 14388 --- [StockMarket] [http-nio-8080-exec-9] o.s.s.web.DefaultRedirectStrategy        : Redirecting to http://localhost:8080/login
2024-08-24T14:08:23.670+05:30 DEBUG 14388 --- [StockMarket] [http-nio-8080-exec-10] o.s.security.web.FilterChainProxy        : Securing GET /login
2024-08-24T14:08:23.671+05:30 DEBUG 14388 --- [StockMarket] [http-nio-8080-exec-10] o.s.security.web.FilterChainProxy        : Secured GET /login
2024-08-24T14:08:23.675+05:30 DEBUG 14388 --- [StockMarket] [http-nio-8080-exec-10] o.s.s.w.a.AnonymousAuthenticationFilter  : Set SecurityContextHolder to anonymous SecurityContext
2024-08-24T14:08:23.677+05:30 DEBUG 14388 --- [StockMarket] [http-nio-8080-exec-10] o.s.security.web.FilterChainProxy        : Securing GET /error
2024-08-24T14:08:23.683+05:30 DEBUG 14388 --- [StockMarket] [http-nio-8080-exec-10] o.s.s.w.a.AnonymousAuthenticationFilter  : Set SecurityContextHolder to anonymous SecurityContext
2024-08-24T14:08:23.689+05:30 DEBUG 14388 --- [StockMarket] [http-nio-8080-exec-10] o.s.s.w.s.HttpSessionRequestCache        : Saved request http://localhost:8080/error?continue to session
2024-08-24T14:08:23.690+05:30 DEBUG 14388 --- [StockMarket] [http-nio-8080-exec-10] o.s.s.web.DefaultRedirectStrategy        : Redirecting to http://localhost:8080/login
2024-08-24T14:08:23.701+05:30 DEBUG 14388 --- [StockMarket] [http-nio-8080-exec-10] o.s.security.web.FilterChainProxy        : Securing GET /login
2024-08-24T14:08:23.702+05:30 DEBUG 14388 --- [StockMarket] [http-nio-8080-exec-10] o.s.security.web.FilterChainProxy        : Secured GET /login
2024-08-24T14:08:23.707+05:30 DEBUG 14388 --- [StockMarket] [http-nio-8080-exec-10] o.s.s.w.a.AnonymousAuthenticationFilter  : Set SecurityContextHolder to anonymous SecurityContext
2024-08-24T14:08:23.721+05:30 DEBUG 14388 --- [StockMarket] [http-nio-8080-exec-10] o.s.security.web.FilterChainProxy        : Securing GET /error
2024-08-24T14:08:23.722+05:30 DEBUG 14388 --- [StockMarket] [http-nio-8080-exec-10] o.s.s.w.a.AnonymousAuthenticationFilter  : Set SecurityContextHolder to anonymous SecurityContext
2024-08-24T14:08:23.725+05:30 DEBUG 14388 --- [StockMarket] [http-nio-8080-exec-10] o.s.s.w.s.HttpSessionRequestCache        : Saved request http://localhost:8080/error?continue to session
2024-08-24T14:08:23.726+05:30 DEBUG 14388 --- [StockMarket] [http-nio-8080-exec-10] o.s.s.web.DefaultRedirectStrategy        : Redirecting to http://localhost:8080/login
2024-08-24T14:08:23.735+05:30 DEBUG 14388 --- [StockMarket] [http-nio-8080-exec-1] o.s.security.web.FilterChainProxy        : Securing GET /login
2024-08-24T14:08:23.735+05:30 DEBUG 14388 --- [StockMarket] [http-nio-8080-exec-1] o.s.security.web.FilterChainProxy        : Secured GET /login
2024-08-24T14:08:23.738+05:30 DEBUG 14388 --- [StockMarket] [http-nio-8080-exec-1] o.s.s.w.a.AnonymousAuthenticationFilter  : Set SecurityContextHolder to anonymous SecurityContext
2024-08-24T14:08:23.740+05:30 DEBUG 14388 --- [StockMarket] [http-nio-8080-exec-1] o.s.security.web.FilterChainProxy        : Securing GET /error
2024-08-24T14:08:23.740+05:30 DEBUG 14388 --- [StockMarket] [http-nio-8080-exec-1] o.s.s.w.a.AnonymousAuthenticationFilter  : Set SecurityContextHolder to anonymous SecurityContext
2024-08-24T14:08:23.742+05:30 DEBUG 14388 --- [StockMarket] [http-nio-8080-exec-1] o.s.s.w.s.HttpSessionRequestCache        : Saved request http://localhost:8080/error?continue to session
2024-08-24T14:08:23.742+05:30 DEBUG 14388 --- [StockMarket] [http-nio-8080-exec-1] o.s.s.web.DefaultRedirectStrategy        : Redirecting to http://localhost:8080/login
2024-08-24T14:10:11.365+05:30  INFO 21172 --- [StockMarket] [main] S.B.StockMarket.StockMarketApplication   : Starting StockMarketApplication using Java 18.0.2.1 with PID 21172 (E:\CDAC\Projects\STOCK_Market\StockMarket\target\classes started by lenovo in E:\CDAC\Projects\STOCK_Market\StockMarket)
2024-08-24T14:10:11.374+05:30  INFO 21172 --- [StockMarket] [main] S.B.StockMarket.StockMarketApplication   : No active profile set, falling back to 1 default profile: "default"
2024-08-24T14:10:13.135+05:30  INFO 21172 --- [StockMarket] [main] .s.d.r.c.RepositoryConfigurationDelegate : Bootstrapping Spring Data JDBC repositories in DEFAULT mode.
2024-08-24T14:10:13.179+05:30  INFO 21172 --- [StockMarket] [main] .s.d.r.c.RepositoryConfigurationDelegate : Finished Spring Data repository scanning in 33 ms. Found 0 JDBC repository interfaces.
2024-08-24T14:10:15.056+05:30  INFO 21172 --- [StockMarket] [main] o.s.b.w.embedded.tomcat.TomcatWebServer  : Tomcat initialized with port 8080 (http)
2024-08-24T14:10:15.077+05:30  INFO 21172 --- [StockMarket] [main] o.apache.catalina.core.StandardService   : Starting service [Tomcat]
2024-08-24T14:10:15.079+05:30  INFO 21172 --- [StockMarket] [main] o.apache.catalina.core.StandardEngine    : Starting Servlet engine: [Apache Tomcat/10.1.28]
2024-08-24T14:10:15.203+05:30  INFO 21172 --- [StockMarket] [main] o.a.c.c.C.[Tomcat].[localhost].[/]       : Initializing Spring embedded WebApplicationContext
2024-08-24T14:10:15.204+05:30  INFO 21172 --- [StockMarket] [main] w.s.c.ServletWebServerApplicationContext : Root WebApplicationContext: initialization completed in 3745 ms
2024-08-24T14:10:15.941+05:30  INFO 21172 --- [StockMarket] [main] r$InitializeUserDetailsManagerConfigurer : Global AuthenticationManager configured with UserDetailsService bean with name userDetailsService
2024-08-24T14:10:16.457+05:30 DEBUG 21172 --- [StockMarket] [main] o.s.s.web.DefaultSecurityFilterChain     : Will secure any request with filters: DisableEncodeUrlFilter, WebAsyncManagerIntegrationFilter, SecurityContextHolderFilter, HeaderWriterFilter, LogoutFilter, UsernamePasswordAuthenticationFilter, RequestCacheAwareFilter, SecurityContextHolderAwareRequestFilter, AnonymousAuthenticationFilter, ExceptionTranslationFilter, AuthorizationFilter
2024-08-24T14:10:16.919+05:30  INFO 21172 --- [StockMarket] [main] com.zaxxer.hikari.HikariDataSource       : HikariPool-1 - Starting...
2024-08-24T14:10:17.531+05:30  INFO 21172 --- [StockMarket] [main] com.zaxxer.hikari.pool.HikariPool        : HikariPool-1 - Added connection com.mysql.cj.jdbc.ConnectionImpl@ddffa6c
2024-08-24T14:10:17.535+05:30  INFO 21172 --- [StockMarket] [main] com.zaxxer.hikari.HikariDataSource       : HikariPool-1 - Start completed.
2024-08-24T14:10:18.208+05:30  INFO 21172 --- [StockMarket] [main] o.s.b.w.embedded.tomcat.TomcatWebServer  : Tomcat started on port 8080 (http) with context path '/'
2024-08-24T14:10:18.239+05:30  INFO 21172 --- [StockMarket] [main] S.B.StockMarket.StockMarketApplication   : Started StockMarketApplication in 7.64 seconds (process running for 8.801)
2024-08-24T14:10:29.063+05:30  INFO 21172 --- [StockMarket] [http-nio-8080-exec-2] o.a.c.c.C.[Tomcat].[localhost].[/]       : Initializing Spring DispatcherServlet 'dispatcherServlet'
2024-08-24T14:10:29.064+05:30  INFO 21172 --- [StockMarket] [http-nio-8080-exec-2] o.s.web.servlet.DispatcherServlet        : Initializing Servlet 'dispatcherServlet'
2024-08-24T14:10:29.066+05:30  INFO 21172 --- [StockMarket] [http-nio-8080-exec-2] o.s.web.servlet.DispatcherServlet        : Completed initialization in 1 ms
2024-08-24T14:10:29.096+05:30 DEBUG 21172 --- [StockMarket] [http-nio-8080-exec-2] o.s.security.web.FilterChainProxy        : Securing POST /stockmarket/create
2024-08-24T14:10:29.111+05:30 DEBUG 21172 --- [StockMarket] [http-nio-8080-exec-2] o.s.s.w.a.AnonymousAuthenticationFilter  : Set SecurityContextHolder to anonymous SecurityContext
2024-08-24T14:10:29.223+05:30 DEBUG 21172 --- [StockMarket] [http-nio-8080-exec-2] o.s.s.w.s.HttpSessionRequestCache        : Saved request http://localhost:8080/stockmarket/create?continue to session
2024-08-24T14:10:29.225+05:30 DEBUG 21172 --- [StockMarket] [http-nio-8080-exec-2] o.s.s.web.DefaultRedirectStrategy        : Redirecting to http://localhost:8080/login
2024-08-24T14:10:29.259+05:30 DEBUG 21172 --- [StockMarket] [http-nio-8080-exec-3] o.s.security.web.FilterChainProxy        : Securing GET /login
2024-08-24T14:10:29.263+05:30 DEBUG 21172 --- [StockMarket] [http-nio-8080-exec-3] o.s.security.web.FilterChainProxy        : Secured GET /login
2024-08-24T14:10:29.282+05:30 DEBUG 21172 --- [StockMarket] [http-nio-8080-exec-3] o.s.s.w.a.AnonymousAuthenticationFilter  : Set SecurityContextHolder to anonymous SecurityContext
2024-08-24T14:10:29.298+05:30 DEBUG 21172 --- [StockMarket] [http-nio-8080-exec-3] o.s.security.web.FilterChainProxy        : Securing GET /error
2024-08-24T14:10:29.299+05:30 DEBUG 21172 --- [StockMarket] [http-nio-8080-exec-3] o.s.s.w.a.AnonymousAuthenticationFilter  : Set SecurityContextHolder to anonymous SecurityContext
2024-08-24T14:10:29.300+05:30 DEBUG 21172 --- [StockMarket] [http-nio-8080-exec-3] o.s.s.w.s.HttpSessionRequestCache        : Saved request http://localhost:8080/error?continue to session
2024-08-24T14:10:29.301+05:30 DEBUG 21172 --- [StockMarket] [http-nio-8080-exec-3] o.s.s.web.DefaultRedirectStrategy        : Redirecting to http://localhost:8080/login
2024-08-24T14:10:29.311+05:30 DEBUG 21172 --- [StockMarket] [http-nio-8080-exec-3] o.s.security.web.FilterChainProxy        : Securing GET /login
2024-08-24T14:10:29.312+05:30 DEBUG 21172 --- [StockMarket] [http-nio-8080-exec-3] o.s.security.web.FilterChainProxy        : Secured GET /login
2024-08-24T14:10:29.316+05:30 DEBUG 21172 --- [StockMarket] [http-nio-8080-exec-3] o.s.s.w.a.AnonymousAuthenticationFilter  : Set SecurityContextHolder to anonymous SecurityContext
2024-08-24T14:10:29.322+05:30 DEBUG 21172 --- [StockMarket] [http-nio-8080-exec-3] o.s.security.web.FilterChainProxy        : Securing GET /error
2024-08-24T14:10:29.322+05:30 DEBUG 21172 --- [StockMarket] [http-nio-8080-exec-3] o.s.s.w.a.AnonymousAuthenticationFilter  : Set SecurityContextHolder to anonymous SecurityContext
2024-08-24T14:10:29.324+05:30 DEBUG 21172 --- [StockMarket] [http-nio-8080-exec-3] o.s.s.w.s.HttpSessionRequestCache        : Saved request http://localhost:8080/error?continue to session
2024-08-24T14:10:29.324+05:30 DEBUG 21172 --- [StockMarket] [http-nio-8080-exec-3] o.s.s.web.DefaultRedirectStrategy        : Redirecting to http://localhost:8080/login
2024-08-24T14:10:29.328+05:30 DEBUG 21172 --- [StockMarket] [http-nio-8080-exec-4] o.s.security.web.FilterChainProxy        : Securing GET /login
2024-08-24T14:10:29.329+05:30 DEBUG 21172 --- [StockMarket] [http-nio-8080-exec-4] o.s.security.web.FilterChainProxy        : Secured GET /login
2024-08-24T14:10:29.330+05:30 DEBUG 21172 --- [StockMarket] [http-nio-8080-exec-4] o.s.s.w.a.AnonymousAuthenticationFilter  : Set SecurityContextHolder to anonymous SecurityContext
2024-08-24T14:10:29.330+05:30 DEBUG 21172 --- [StockMarket] [http-nio-8080-exec-4] o.s.security.web.FilterChainProxy        : Securing GET /error
2024-08-24T14:10:29.332+05:30 DEBUG 21172 --- [StockMarket] [http-nio-8080-exec-4] o.s.s.w.a.AnonymousAuthenticationFilter  : Set SecurityContextHolder to anonymous SecurityContext
2024-08-24T14:10:29.333+05:30 DEBUG 21172 --- [StockMarket] [http-nio-8080-exec-4] o.s.s.w.s.HttpSessionRequestCache        : Saved request http://localhost:8080/error?continue to session
2024-08-24T14:10:29.333+05:30 DEBUG 21172 --- [StockMarket] [http-nio-8080-exec-4] o.s.s.web.DefaultRedirectStrategy        : Redirecting to http://localhost:8080/login
2024-08-24T14:10:29.337+05:30 DEBUG 21172 --- [StockMarket] [http-nio-8080-exec-4] o.s.security.web.FilterChainProxy        : Securing GET /login
2024-08-24T14:10:29.340+05:30 DEBUG 21172 --- [StockMarket] [http-nio-8080-exec-4] o.s.security.web.FilterChainProxy        : Secured GET /login
2024-08-24T14:10:29.344+05:30 DEBUG 21172 --- [StockMarket] [http-nio-8080-exec-4] o.s.s.w.a.AnonymousAuthenticationFilter  : Set SecurityContextHolder to anonymous SecurityContext
2024-08-24T14:10:29.346+05:30 DEBUG 21172 --- [StockMarket] [http-nio-8080-exec-4] o.s.security.web.FilterChainProxy        : Securing GET /error
2024-08-24T14:10:29.348+05:30 DEBUG 21172 --- [StockMarket] [http-nio-8080-exec-4] o.s.s.w.a.AnonymousAuthenticationFilter  : Set SecurityContextHolder to anonymous SecurityContext
2024-08-24T14:10:29.349+05:30 DEBUG 21172 --- [StockMarket] [http-nio-8080-exec-4] o.s.s.w.s.HttpSessionRequestCache        : Saved request http://localhost:8080/error?continue to session
2024-08-24T14:10:29.350+05:30 DEBUG 21172 --- [StockMarket] [http-nio-8080-exec-4] o.s.s.web.DefaultRedirectStrategy        : Redirecting to http://localhost:8080/login
2024-08-24T14:10:29.357+05:30 DEBUG 21172 --- [StockMarket] [http-nio-8080-exec-5] o.s.security.web.FilterChainProxy        : Securing GET /login
2024-08-24T14:10:29.357+05:30 DEBUG 21172 --- [StockMarket] [http-nio-8080-exec-5] o.s.security.web.FilterChainProxy        : Secured GET /login
2024-08-24T14:10:29.360+05:30 DEBUG 21172 --- [StockMarket] [http-nio-8080-exec-5] o.s.s.w.a.AnonymousAuthenticationFilter  : Set SecurityContextHolder to anonymous SecurityContext
2024-08-24T14:10:29.362+05:30 DEBUG 21172 --- [StockMarket] [http-nio-8080-exec-5] o.s.security.web.FilterChainProxy        : Securing GET /error
2024-08-24T14:10:29.362+05:30 DEBUG 21172 --- [StockMarket] [http-nio-8080-exec-5] o.s.s.w.a.AnonymousAuthenticationFilter  : Set SecurityContextHolder to anonymous SecurityContext
2024-08-24T14:10:29.364+05:30 DEBUG 21172 --- [StockMarket] [http-nio-8080-exec-5] o.s.s.w.s.HttpSessionRequestCache        : Saved request http://localhost:8080/error?continue to session
2024-08-24T14:10:29.365+05:30 DEBUG 21172 --- [StockMarket] [http-nio-8080-exec-5] o.s.s.web.DefaultRedirectStrategy        : Redirecting to http://localhost:8080/login
2024-08-24T14:10:29.373+05:30 DEBUG 21172 --- [StockMarket] [http-nio-8080-exec-6] o.s.security.web.FilterChainProxy        : Securing GET /login
2024-08-24T14:10:29.374+05:30 DEBUG 21172 --- [StockMarket] [http-nio-8080-exec-6] o.s.security.web.FilterChainProxy        : Secured GET /login
2024-08-24T14:10:29.379+05:30 DEBUG 21172 --- [StockMarket] [http-nio-8080-exec-6] o.s.s.w.a.AnonymousAuthenticationFilter  : Set SecurityContextHolder to anonymous SecurityContext
2024-08-24T14:10:29.380+05:30 DEBUG 21172 --- [StockMarket] [http-nio-8080-exec-6] o.s.security.web.FilterChainProxy        : Securing GET /error
2024-08-24T14:10:29.382+05:30 DEBUG 21172 --- [StockMarket] [http-nio-8080-exec-6] o.s.s.w.a.AnonymousAuthenticationFilter  : Set SecurityContextHolder to anonymous SecurityContext
2024-08-24T14:10:29.388+05:30 DEBUG 21172 --- [StockMarket] [http-nio-8080-exec-6] o.s.s.w.s.HttpSessionRequestCache        : Saved request http://localhost:8080/error?continue to session
2024-08-24T14:10:29.389+05:30 DEBUG 21172 --- [StockMarket] [http-nio-8080-exec-6] o.s.s.web.DefaultRedirectStrategy        : Redirecting to http://localhost:8080/login
2024-08-24T14:10:29.394+05:30 DEBUG 21172 --- [StockMarket] [http-nio-8080-exec-6] o.s.security.web.FilterChainProxy        : Securing GET /login
2024-08-24T14:10:29.394+05:30 DEBUG 21172 --- [StockMarket] [http-nio-8080-exec-6] o.s.security.web.FilterChainProxy        : Secured GET /login
2024-08-24T14:10:29.397+05:30 DEBUG 21172 --- [StockMarket] [http-nio-8080-exec-6] o.s.s.w.a.AnonymousAuthenticationFilter  : Set SecurityContextHolder to anonymous SecurityContext
2024-08-24T14:10:29.398+05:30 DEBUG 21172 --- [StockMarket] [http-nio-8080-exec-6] o.s.security.web.FilterChainProxy        : Securing GET /error
2024-08-24T14:10:29.398+05:30 DEBUG 21172 --- [StockMarket] [http-nio-8080-exec-6] o.s.s.w.a.AnonymousAuthenticationFilter  : Set SecurityContextHolder to anonymous SecurityContext
2024-08-24T14:10:29.399+05:30 DEBUG 21172 --- [StockMarket] [http-nio-8080-exec-6] o.s.s.w.s.HttpSessionRequestCache        : Saved request http://localhost:8080/error?continue to session
2024-08-24T14:10:29.399+05:30 DEBUG 21172 --- [StockMarket] [http-nio-8080-exec-6] o.s.s.web.DefaultRedirectStrategy        : Redirecting to http://localhost:8080/login
2024-08-24T14:10:29.405+05:30 DEBUG 21172 --- [StockMarket] [http-nio-8080-exec-8] o.s.security.web.FilterChainProxy        : Securing GET /login
2024-08-24T14:10:29.406+05:30 DEBUG 21172 --- [StockMarket] [http-nio-8080-exec-8] o.s.security.web.FilterChainProxy        : Secured GET /login
2024-08-24T14:10:29.415+05:30 DEBUG 21172 --- [StockMarket] [http-nio-8080-exec-8] o.s.s.w.a.AnonymousAuthenticationFilter  : Set SecurityContextHolder to anonymous SecurityContext
2024-08-24T14:10:29.416+05:30 DEBUG 21172 --- [StockMarket] [http-nio-8080-exec-8] o.s.security.web.FilterChainProxy        : Securing GET /error
2024-08-24T14:10:29.417+05:30 DEBUG 21172 --- [StockMarket] [http-nio-8080-exec-8] o.s.s.w.a.AnonymousAuthenticationFilter  : Set SecurityContextHolder to anonymous SecurityContext
2024-08-24T14:10:29.422+05:30 DEBUG 21172 --- [StockMarket] [http-nio-8080-exec-8] o.s.s.w.s.HttpSessionRequestCache        : Saved request http://localhost:8080/error?continue to session
2024-08-24T14:10:29.422+05:30 DEBUG 21172 --- [StockMarket] [http-nio-8080-exec-8] o.s.s.web.DefaultRedirectStrategy        : Redirecting to http://localhost:8080/login
2024-08-24T14:10:29.426+05:30 DEBUG 21172 --- [StockMarket] [http-nio-8080-exec-9] o.s.security.web.FilterChainProxy        : Securing GET /login
2024-08-24T14:10:29.426+05:30 DEBUG 21172 --- [StockMarket] [http-nio-8080-exec-9] o.s.security.web.FilterChainProxy        : Secured GET /login
2024-08-24T14:10:29.427+05:30 DEBUG 21172 --- [StockMarket] [http-nio-8080-exec-9] o.s.s.w.a.AnonymousAuthenticationFilter  : Set SecurityContextHolder to anonymous SecurityContext
2024-08-24T14:10:29.428+05:30 DEBUG 21172 --- [StockMarket] [http-nio-8080-exec-9] o.s.security.web.FilterChainProxy        : Securing GET /error
2024-08-24T14:10:29.429+05:30 DEBUG 21172 --- [StockMarket] [http-nio-8080-exec-9] o.s.s.w.a.AnonymousAuthenticationFilter  : Set SecurityContextHolder to anonymous SecurityContext
2024-08-24T14:10:29.430+05:30 DEBUG 21172 --- [StockMarket] [http-nio-8080-exec-9] o.s.s.w.s.HttpSessionRequestCache        : Saved request http://localhost:8080/error?continue to session
2024-08-24T14:10:29.430+05:30 DEBUG 21172 --- [StockMarket] [http-nio-8080-exec-9] o.s.s.web.DefaultRedirectStrategy        : Redirecting to http://localhost:8080/login
2024-08-24T14:10:29.438+05:30 DEBUG 21172 --- [StockMarket] [http-nio-8080-exec-10] o.s.security.web.FilterChainProxy        : Securing GET /login
2024-08-24T14:10:29.438+05:30 DEBUG 21172 --- [StockMarket] [http-nio-8080-exec-10] o.s.security.web.FilterChainProxy        : Secured GET /login
2024-08-24T14:10:29.440+05:30 DEBUG 21172 --- [StockMarket] [http-nio-8080-exec-10] o.s.s.w.a.AnonymousAuthenticationFilter  : Set SecurityContextHolder to anonymous SecurityContext
2024-08-24T14:10:29.442+05:30 DEBUG 21172 --- [StockMarket] [http-nio-8080-exec-10] o.s.security.web.FilterChainProxy        : Securing GET /error
2024-08-24T14:10:29.442+05:30 DEBUG 21172 --- [StockMarket] [http-nio-8080-exec-10] o.s.s.w.a.AnonymousAuthenticationFilter  : Set SecurityContextHolder to anonymous SecurityContext
2024-08-24T14:10:29.444+05:30 DEBUG 21172 --- [StockMarket] [http-nio-8080-exec-10] o.s.s.w.s.HttpSessionRequestCache        : Saved request http://localhost:8080/error?continue to session
2024-08-24T14:10:29.444+05:30 DEBUG 21172 --- [StockMarket] [http-nio-8080-exec-10] o.s.s.web.DefaultRedirectStrategy        : Redirecting to http://localhost:8080/login
2024-08-24T14:31:33.833+05:30  INFO 3408 --- [StockMarket] [main] S.B.StockMarket.StockMarketApplication   : Starting StockMarketApplication using Java 18.0.2.1 with PID 3408 (E:\CDAC\Projects\STOCK_Market\StockMarket\target\classes started by lenovo in E:\CDAC\Projects\STOCK_Market\StockMarket)
2024-08-24T14:31:33.874+05:30  INFO 3408 --- [StockMarket] [main] S.B.StockMarket.StockMarketApplication   : No active profile set, falling back to 1 default profile: "default"
2024-08-24T14:31:34.899+05:30  INFO 3408 --- [StockMarket] [main] .s.d.r.c.RepositoryConfigurationDelegate : Bootstrapping Spring Data JDBC repositories in DEFAULT mode.
2024-08-24T14:31:34.932+05:30  INFO 3408 --- [StockMarket] [main] .s.d.r.c.RepositoryConfigurationDelegate : Finished Spring Data repository scanning in 18 ms. Found 0 JDBC repository interfaces.
2024-08-24T14:31:35.966+05:30  INFO 3408 --- [StockMarket] [main] o.s.b.w.embedded.tomcat.TomcatWebServer  : Tomcat initialized with port 8080 (http)
2024-08-24T14:31:35.985+05:30  INFO 3408 --- [StockMarket] [main] o.apache.catalina.core.StandardService   : Starting service [Tomcat]
2024-08-24T14:31:35.986+05:30  INFO 3408 --- [StockMarket] [main] o.apache.catalina.core.StandardEngine    : Starting Servlet engine: [Apache Tomcat/10.1.28]
2024-08-24T14:31:36.080+05:30  INFO 3408 --- [StockMarket] [main] o.a.c.c.C.[Tomcat].[localhost].[/]       : Initializing Spring embedded WebApplicationContext
2024-08-24T14:31:36.089+05:30  INFO 3408 --- [StockMarket] [main] w.s.c.ServletWebServerApplicationContext : Root WebApplicationContext: initialization completed in 2137 ms
2024-08-24T14:31:36.635+05:30  INFO 3408 --- [StockMarket] [main] r$InitializeUserDetailsManagerConfigurer : Global AuthenticationManager configured with UserDetailsService bean with name userDetailsService
2024-08-24T14:31:37.049+05:30 DEBUG 3408 --- [StockMarket] [main] o.s.s.web.DefaultSecurityFilterChain     : Will secure any request with filters: DisableEncodeUrlFilter, WebAsyncManagerIntegrationFilter, SecurityContextHolderFilter, HeaderWriterFilter, LogoutFilter, UsernamePasswordAuthenticationFilter, RequestCacheAwareFilter, SecurityContextHolderAwareRequestFilter, AnonymousAuthenticationFilter, ExceptionTranslationFilter, AuthorizationFilter
2024-08-24T14:31:37.378+05:30  INFO 3408 --- [StockMarket] [main] com.zaxxer.hikari.HikariDataSource       : HikariPool-1 - Starting...
2024-08-24T14:31:37.937+05:30  INFO 3408 --- [StockMarket] [main] com.zaxxer.hikari.pool.HikariPool        : HikariPool-1 - Added connection com.mysql.cj.jdbc.ConnectionImpl@3b218c74
2024-08-24T14:31:37.942+05:30  INFO 3408 --- [StockMarket] [main] com.zaxxer.hikari.HikariDataSource       : HikariPool-1 - Start completed.
2024-08-24T14:31:38.430+05:30  INFO 3408 --- [StockMarket] [main] o.s.b.w.embedded.tomcat.TomcatWebServer  : Tomcat started on port 8080 (http) with context path '/'
2024-08-24T14:31:38.459+05:30  INFO 3408 --- [StockMarket] [main] S.B.StockMarket.StockMarketApplication   : Started StockMarketApplication in 5.289 seconds (process running for 6.401)
2024-08-24T14:31:52.985+05:30  INFO 3408 --- [StockMarket] [http-nio-8080-exec-1] o.a.c.c.C.[Tomcat].[localhost].[/]       : Initializing Spring DispatcherServlet 'dispatcherServlet'
2024-08-24T14:31:52.985+05:30  INFO 3408 --- [StockMarket] [http-nio-8080-exec-1] o.s.web.servlet.DispatcherServlet        : Initializing Servlet 'dispatcherServlet'
2024-08-24T14:31:52.988+05:30  INFO 3408 --- [StockMarket] [http-nio-8080-exec-1] o.s.web.servlet.DispatcherServlet        : Completed initialization in 1 ms
2024-08-24T14:31:53.023+05:30 DEBUG 3408 --- [StockMarket] [http-nio-8080-exec-1] o.s.security.web.FilterChainProxy        : Securing POST /stockmarket/create
2024-08-24T14:31:53.062+05:30 DEBUG 3408 --- [StockMarket] [http-nio-8080-exec-1] o.s.s.w.a.AnonymousAuthenticationFilter  : Set SecurityContextHolder to anonymous SecurityContext
2024-08-24T14:31:53.193+05:30  WARN 3408 --- [StockMarket] [http-nio-8080-exec-1] o.a.c.util.SessionIdGeneratorBase        : Creation of SecureRandom instance for session ID generation using [SHA1PRNG] took [105] milliseconds.
2024-08-24T14:31:53.202+05:30 DEBUG 3408 --- [StockMarket] [http-nio-8080-exec-1] o.s.s.w.s.HttpSessionRequestCache        : Saved request http://localhost:8080/stockmarket/create?continue to session
2024-08-24T14:31:53.205+05:30 DEBUG 3408 --- [StockMarket] [http-nio-8080-exec-1] o.s.s.web.DefaultRedirectStrategy        : Redirecting to http://localhost:8080/login
2024-08-24T14:31:53.255+05:30 DEBUG 3408 --- [StockMarket] [http-nio-8080-exec-3] o.s.security.web.FilterChainProxy        : Securing GET /login
2024-08-24T14:31:53.259+05:30 DEBUG 3408 --- [StockMarket] [http-nio-8080-exec-3] o.s.security.web.FilterChainProxy        : Secured GET /login
2024-08-24T14:31:53.277+05:30 DEBUG 3408 --- [StockMarket] [http-nio-8080-exec-3] o.s.s.w.a.AnonymousAuthenticationFilter  : Set SecurityContextHolder to anonymous SecurityContext
2024-08-24T14:31:53.287+05:30 DEBUG 3408 --- [StockMarket] [http-nio-8080-exec-3] o.s.security.web.FilterChainProxy        : Securing GET /error
2024-08-24T14:31:53.288+05:30 DEBUG 3408 --- [StockMarket] [http-nio-8080-exec-3] o.s.s.w.a.AnonymousAuthenticationFilter  : Set SecurityContextHolder to anonymous SecurityContext
2024-08-24T14:31:53.294+05:30 DEBUG 3408 --- [StockMarket] [http-nio-8080-exec-3] o.s.s.w.s.HttpSessionRequestCache        : Saved request http://localhost:8080/error?continue to session
2024-08-24T14:31:53.294+05:30 DEBUG 3408 --- [StockMarket] [http-nio-8080-exec-3] o.s.s.web.DefaultRedirectStrategy        : Redirecting to http://localhost:8080/login
2024-08-24T14:31:53.299+05:30 DEBUG 3408 --- [StockMarket] [http-nio-8080-exec-4] o.s.security.web.FilterChainProxy        : Securing GET /login
2024-08-24T14:31:53.299+05:30 DEBUG 3408 --- [StockMarket] [http-nio-8080-exec-4] o.s.security.web.FilterChainProxy        : Secured GET /login
2024-08-24T14:31:53.301+05:30 DEBUG 3408 --- [StockMarket] [http-nio-8080-exec-4] o.s.s.w.a.AnonymousAuthenticationFilter  : Set SecurityContextHolder to anonymous SecurityContext
2024-08-24T14:31:53.303+05:30 DEBUG 3408 --- [StockMarket] [http-nio-8080-exec-4] o.s.security.web.FilterChainProxy        : Securing GET /error
2024-08-24T14:31:53.303+05:30 DEBUG 3408 --- [StockMarket] [http-nio-8080-exec-4] o.s.s.w.a.AnonymousAuthenticationFilter  : Set SecurityContextHolder to anonymous SecurityContext
2024-08-24T14:31:53.307+05:30 DEBUG 3408 --- [StockMarket] [http-nio-8080-exec-4] o.s.s.w.s.HttpSessionRequestCache        : Saved request http://localhost:8080/error?continue to session
2024-08-24T14:31:53.307+05:30 DEBUG 3408 --- [StockMarket] [http-nio-8080-exec-4] o.s.s.web.DefaultRedirectStrategy        : Redirecting to http://localhost:8080/login
2024-08-24T14:31:53.313+05:30 DEBUG 3408 --- [StockMarket] [http-nio-8080-exec-4] o.s.security.web.FilterChainProxy        : Securing GET /login
2024-08-24T14:31:53.313+05:30 DEBUG 3408 --- [StockMarket] [http-nio-8080-exec-4] o.s.security.web.FilterChainProxy        : Secured GET /login
2024-08-24T14:31:53.315+05:30 DEBUG 3408 --- [StockMarket] [http-nio-8080-exec-4] o.s.s.w.a.AnonymousAuthenticationFilter  : Set SecurityContextHolder to anonymous SecurityContext
2024-08-24T14:31:53.317+05:30 DEBUG 3408 --- [StockMarket] [http-nio-8080-exec-4] o.s.security.web.FilterChainProxy        : Securing GET /error
2024-08-24T14:31:53.317+05:30 DEBUG 3408 --- [StockMarket] [http-nio-8080-exec-4] o.s.s.w.a.AnonymousAuthenticationFilter  : Set SecurityContextHolder to anonymous SecurityContext
2024-08-24T14:31:53.318+05:30 DEBUG 3408 --- [StockMarket] [http-nio-8080-exec-4] o.s.s.w.s.HttpSessionRequestCache        : Saved request http://localhost:8080/error?continue to session
2024-08-24T14:31:53.319+05:30 DEBUG 3408 --- [StockMarket] [http-nio-8080-exec-4] o.s.s.web.DefaultRedirectStrategy        : Redirecting to http://localhost:8080/login
2024-08-24T14:31:53.328+05:30 DEBUG 3408 --- [StockMarket] [http-nio-8080-exec-4] o.s.security.web.FilterChainProxy        : Securing GET /login
2024-08-24T14:31:53.328+05:30 DEBUG 3408 --- [StockMarket] [http-nio-8080-exec-4] o.s.security.web.FilterChainProxy        : Secured GET /login
2024-08-24T14:31:53.329+05:30 DEBUG 3408 --- [StockMarket] [http-nio-8080-exec-4] o.s.s.w.a.AnonymousAuthenticationFilter  : Set SecurityContextHolder to anonymous SecurityContext
2024-08-24T14:31:53.332+05:30 DEBUG 3408 --- [StockMarket] [http-nio-8080-exec-4] o.s.security.web.FilterChainProxy        : Securing GET /error
2024-08-24T14:31:53.333+05:30 DEBUG 3408 --- [StockMarket] [http-nio-8080-exec-4] o.s.s.w.a.AnonymousAuthenticationFilter  : Set SecurityContextHolder to anonymous SecurityContext
2024-08-24T14:31:53.334+05:30 DEBUG 3408 --- [StockMarket] [http-nio-8080-exec-4] o.s.s.w.s.HttpSessionRequestCache        : Saved request http://localhost:8080/error?continue to session
2024-08-24T14:31:53.335+05:30 DEBUG 3408 --- [StockMarket] [http-nio-8080-exec-4] o.s.s.web.DefaultRedirectStrategy        : Redirecting to http://localhost:8080/login
2024-08-24T14:31:53.338+05:30 DEBUG 3408 --- [StockMarket] [http-nio-8080-exec-5] o.s.security.web.FilterChainProxy        : Securing GET /login
2024-08-24T14:31:53.341+05:30 DEBUG 3408 --- [StockMarket] [http-nio-8080-exec-5] o.s.security.web.FilterChainProxy        : Secured GET /login
2024-08-24T14:31:53.344+05:30 DEBUG 3408 --- [StockMarket] [http-nio-8080-exec-5] o.s.s.w.a.AnonymousAuthenticationFilter  : Set SecurityContextHolder to anonymous SecurityContext
2024-08-24T14:31:53.345+05:30 DEBUG 3408 --- [StockMarket] [http-nio-8080-exec-5] o.s.security.web.FilterChainProxy        : Securing GET /error
2024-08-24T14:31:53.346+05:30 DEBUG 3408 --- [StockMarket] [http-nio-8080-exec-5] o.s.s.w.a.AnonymousAuthenticationFilter  : Set SecurityContextHolder to anonymous SecurityContext
2024-08-24T14:31:53.348+05:30 DEBUG 3408 --- [StockMarket] [http-nio-8080-exec-5] o.s.s.w.s.HttpSessionRequestCache        : Saved request http://localhost:8080/error?continue to session
2024-08-24T14:31:53.349+05:30 DEBUG 3408 --- [StockMarket] [http-nio-8080-exec-5] o.s.s.web.DefaultRedirectStrategy        : Redirecting to http://localhost:8080/login
2024-08-24T14:31:53.355+05:30 DEBUG 3408 --- [StockMarket] [http-nio-8080-exec-7] o.s.security.web.FilterChainProxy        : Securing GET /login
2024-08-24T14:31:53.358+05:30 DEBUG 3408 --- [StockMarket] [http-nio-8080-exec-7] o.s.security.web.FilterChainProxy        : Secured GET /login
2024-08-24T14:31:53.360+05:30 DEBUG 3408 --- [StockMarket] [http-nio-8080-exec-7] o.s.s.w.a.AnonymousAuthenticationFilter  : Set SecurityContextHolder to anonymous SecurityContext
2024-08-24T14:31:53.362+05:30 DEBUG 3408 --- [StockMarket] [http-nio-8080-exec-7] o.s.security.web.FilterChainProxy        : Securing GET /error
2024-08-24T14:31:53.363+05:30 DEBUG 3408 --- [StockMarket] [http-nio-8080-exec-7] o.s.s.w.a.AnonymousAuthenticationFilter  : Set SecurityContextHolder to anonymous SecurityContext
2024-08-24T14:31:53.366+05:30 DEBUG 3408 --- [StockMarket] [http-nio-8080-exec-7] o.s.s.w.s.HttpSessionRequestCache        : Saved request http://localhost:8080/error?continue to session
2024-08-24T14:31:53.366+05:30 DEBUG 3408 --- [StockMarket] [http-nio-8080-exec-7] o.s.s.web.DefaultRedirectStrategy        : Redirecting to http://localhost:8080/login
2024-08-24T14:31:53.370+05:30 DEBUG 3408 --- [StockMarket] [http-nio-8080-exec-6] o.s.security.web.FilterChainProxy        : Securing GET /login
2024-08-24T14:31:53.370+05:30 DEBUG 3408 --- [StockMarket] [http-nio-8080-exec-6] o.s.security.web.FilterChainProxy        : Secured GET /login
2024-08-24T14:31:53.376+05:30 DEBUG 3408 --- [StockMarket] [http-nio-8080-exec-6] o.s.s.w.a.AnonymousAuthenticationFilter  : Set SecurityContextHolder to anonymous SecurityContext
2024-08-24T14:31:53.378+05:30 DEBUG 3408 --- [StockMarket] [http-nio-8080-exec-6] o.s.security.web.FilterChainProxy        : Securing GET /error
2024-08-24T14:31:53.378+05:30 DEBUG 3408 --- [StockMarket] [http-nio-8080-exec-6] o.s.s.w.a.AnonymousAuthenticationFilter  : Set SecurityContextHolder to anonymous SecurityContext
2024-08-24T14:31:53.379+05:30 DEBUG 3408 --- [StockMarket] [http-nio-8080-exec-6] o.s.s.w.s.HttpSessionRequestCache        : Saved request http://localhost:8080/error?continue to session
2024-08-24T14:31:53.380+05:30 DEBUG 3408 --- [StockMarket] [http-nio-8080-exec-6] o.s.s.web.DefaultRedirectStrategy        : Redirecting to http://localhost:8080/login
2024-08-24T14:31:53.384+05:30 DEBUG 3408 --- [StockMarket] [http-nio-8080-exec-8] o.s.security.web.FilterChainProxy        : Securing GET /login
2024-08-24T14:31:53.385+05:30 DEBUG 3408 --- [StockMarket] [http-nio-8080-exec-8] o.s.security.web.FilterChainProxy        : Secured GET /login
2024-08-24T14:31:53.387+05:30 DEBUG 3408 --- [StockMarket] [http-nio-8080-exec-8] o.s.s.w.a.AnonymousAuthenticationFilter  : Set SecurityContextHolder to anonymous SecurityContext
2024-08-24T14:31:53.393+05:30 DEBUG 3408 --- [StockMarket] [http-nio-8080-exec-8] o.s.security.web.FilterChainProxy        : Securing GET /error
2024-08-24T14:31:53.394+05:30 DEBUG 3408 --- [StockMarket] [http-nio-8080-exec-8] o.s.s.w.a.AnonymousAuthenticationFilter  : Set SecurityContextHolder to anonymous SecurityContext
2024-08-24T14:31:53.396+05:30 DEBUG 3408 --- [StockMarket] [http-nio-8080-exec-8] o.s.s.w.s.HttpSessionRequestCache        : Saved request http://localhost:8080/error?continue to session
2024-08-24T14:31:53.397+05:30 DEBUG 3408 --- [StockMarket] [http-nio-8080-exec-8] o.s.s.web.DefaultRedirectStrategy        : Redirecting to http://localhost:8080/login
2024-08-24T14:31:53.402+05:30 DEBUG 3408 --- [StockMarket] [http-nio-8080-exec-9] o.s.security.web.FilterChainProxy        : Securing GET /login
2024-08-24T14:31:53.403+05:30 DEBUG 3408 --- [StockMarket] [http-nio-8080-exec-9] o.s.security.web.FilterChainProxy        : Secured GET /login
2024-08-24T14:31:53.405+05:30 DEBUG 3408 --- [StockMarket] [http-nio-8080-exec-9] o.s.s.w.a.AnonymousAuthenticationFilter  : Set SecurityContextHolder to anonymous SecurityContext
2024-08-24T14:31:53.408+05:30 DEBUG 3408 --- [StockMarket] [http-nio-8080-exec-9] o.s.security.web.FilterChainProxy        : Securing GET /error
2024-08-24T14:31:53.409+05:30 DEBUG 3408 --- [StockMarket] [http-nio-8080-exec-9] o.s.s.w.a.AnonymousAuthenticationFilter  : Set SecurityContextHolder to anonymous SecurityContext
2024-08-24T14:31:53.411+05:30 DEBUG 3408 --- [StockMarket] [http-nio-8080-exec-9] o.s.s.w.s.HttpSessionRequestCache        : Saved request http://localhost:8080/error?continue to session
2024-08-24T14:31:53.411+05:30 DEBUG 3408 --- [StockMarket] [http-nio-8080-exec-9] o.s.s.web.DefaultRedirectStrategy        : Redirecting to http://localhost:8080/login
2024-08-24T14:31:53.416+05:30 DEBUG 3408 --- [StockMarket] [http-nio-8080-exec-10] o.s.security.web.FilterChainProxy        : Securing GET /login
2024-08-24T14:31:53.416+05:30 DEBUG 3408 --- [StockMarket] [http-nio-8080-exec-10] o.s.security.web.FilterChainProxy        : Secured GET /login
2024-08-24T14:31:53.418+05:30 DEBUG 3408 --- [StockMarket] [http-nio-8080-exec-10] o.s.s.w.a.AnonymousAuthenticationFilter  : Set SecurityContextHolder to anonymous SecurityContext
2024-08-24T14:31:53.419+05:30 DEBUG 3408 --- [StockMarket] [http-nio-8080-exec-10] o.s.security.web.FilterChainProxy        : Securing GET /error
2024-08-24T14:31:53.419+05:30 DEBUG 3408 --- [StockMarket] [http-nio-8080-exec-10] o.s.s.w.a.AnonymousAuthenticationFilter  : Set SecurityContextHolder to anonymous SecurityContext
2024-08-24T14:31:53.421+05:30 DEBUG 3408 --- [StockMarket] [http-nio-8080-exec-10] o.s.s.w.s.HttpSessionRequestCache        : Saved request http://localhost:8080/error?continue to session
2024-08-24T14:31:53.421+05:30 DEBUG 3408 --- [StockMarket] [http-nio-8080-exec-10] o.s.s.web.DefaultRedirectStrategy        : Redirecting to http://localhost:8080/login
2024-08-24T14:33:08.808+05:30 DEBUG 3408 --- [StockMarket] [http-nio-8080-exec-3] o.s.security.web.FilterChainProxy        : Securing POST /stockmarket/create
2024-08-24T14:33:08.810+05:30 DEBUG 3408 --- [StockMarket] [http-nio-8080-exec-3] o.s.s.w.a.AnonymousAuthenticationFilter  : Set SecurityContextHolder to anonymous SecurityContext
2024-08-24T14:33:08.815+05:30 DEBUG 3408 --- [StockMarket] [http-nio-8080-exec-3] o.s.s.w.s.HttpSessionRequestCache        : Saved request http://localhost:8080/stockmarket/create?continue to session
2024-08-24T14:33:08.815+05:30 DEBUG 3408 --- [StockMarket] [http-nio-8080-exec-3] o.s.s.web.DefaultRedirectStrategy        : Redirecting to http://localhost:8080/login
2024-08-24T14:33:08.819+05:30 DEBUG 3408 --- [StockMarket] [http-nio-8080-exec-4] o.s.security.web.FilterChainProxy        : Securing GET /login
2024-08-24T14:33:08.820+05:30 DEBUG 3408 --- [StockMarket] [http-nio-8080-exec-4] o.s.security.web.FilterChainProxy        : Secured GET /login
2024-08-24T14:33:08.825+05:30 DEBUG 3408 --- [StockMarket] [http-nio-8080-exec-4] o.s.s.w.a.AnonymousAuthenticationFilter  : Set SecurityContextHolder to anonymous SecurityContext
2024-08-24T14:33:08.828+05:30 DEBUG 3408 --- [StockMarket] [http-nio-8080-exec-4] o.s.security.web.FilterChainProxy        : Securing GET /error
2024-08-24T14:33:08.830+05:30 DEBUG 3408 --- [StockMarket] [http-nio-8080-exec-4] o.s.s.w.a.AnonymousAuthenticationFilter  : Set SecurityContextHolder to anonymous SecurityContext
2024-08-24T14:33:08.831+05:30 DEBUG 3408 --- [StockMarket] [http-nio-8080-exec-4] o.s.s.w.s.HttpSessionRequestCache        : Saved request http://localhost:8080/error?continue to session
2024-08-24T14:33:08.832+05:30 DEBUG 3408 --- [StockMarket] [http-nio-8080-exec-4] o.s.s.web.DefaultRedirectStrategy        : Redirecting to http://localhost:8080/login
2024-08-24T14:33:08.838+05:30 DEBUG 3408 --- [StockMarket] [http-nio-8080-exec-4] o.s.security.web.FilterChainProxy        : Securing GET /login
2024-08-24T14:33:08.838+05:30 DEBUG 3408 --- [StockMarket] [http-nio-8080-exec-4] o.s.security.web.FilterChainProxy        : Secured GET /login
2024-08-24T14:33:08.839+05:30 DEBUG 3408 --- [StockMarket] [http-nio-8080-exec-4] o.s.s.w.a.AnonymousAuthenticationFilter  : Set SecurityContextHolder to anonymous SecurityContext
2024-08-24T14:33:08.840+05:30 DEBUG 3408 --- [StockMarket] [http-nio-8080-exec-4] o.s.security.web.FilterChainProxy        : Securing GET /error
2024-08-24T14:33:08.842+05:30 DEBUG 3408 --- [StockMarket] [http-nio-8080-exec-4] o.s.s.w.a.AnonymousAuthenticationFilter  : Set SecurityContextHolder to anonymous SecurityContext
2024-08-24T14:33:08.843+05:30 DEBUG 3408 --- [StockMarket] [http-nio-8080-exec-4] o.s.s.w.s.HttpSessionRequestCache        : Saved request http://localhost:8080/error?continue to session
2024-08-24T14:33:08.847+05:30 DEBUG 3408 --- [StockMarket] [http-nio-8080-exec-4] o.s.s.web.DefaultRedirectStrategy        : Redirecting to http://localhost:8080/login
2024-08-24T14:33:08.849+05:30 DEBUG 3408 --- [StockMarket] [http-nio-8080-exec-5] o.s.security.web.FilterChainProxy        : Securing GET /login
2024-08-24T14:33:08.850+05:30 DEBUG 3408 --- [StockMarket] [http-nio-8080-exec-5] o.s.security.web.FilterChainProxy        : Secured GET /login
2024-08-24T14:33:08.852+05:30 DEBUG 3408 --- [StockMarket] [http-nio-8080-exec-5] o.s.s.w.a.AnonymousAuthenticationFilter  : Set SecurityContextHolder to anonymous SecurityContext
2024-08-24T14:33:08.854+05:30 DEBUG 3408 --- [StockMarket] [http-nio-8080-exec-5] o.s.security.web.FilterChainProxy        : Securing GET /error
2024-08-24T14:33:08.854+05:30 DEBUG 3408 --- [StockMarket] [http-nio-8080-exec-5] o.s.s.w.a.AnonymousAuthenticationFilter  : Set SecurityContextHolder to anonymous SecurityContext
2024-08-24T14:33:08.855+05:30 DEBUG 3408 --- [StockMarket] [http-nio-8080-exec-5] o.s.s.w.s.HttpSessionRequestCache        : Saved request http://localhost:8080/error?continue to session
2024-08-24T14:33:08.855+05:30 DEBUG 3408 --- [StockMarket] [http-nio-8080-exec-5] o.s.s.web.DefaultRedirectStrategy        : Redirecting to http://localhost:8080/login
2024-08-24T14:33:08.864+05:30 DEBUG 3408 --- [StockMarket] [http-nio-8080-exec-5] o.s.security.web.FilterChainProxy        : Securing GET /login
2024-08-24T14:33:08.864+05:30 DEBUG 3408 --- [StockMarket] [http-nio-8080-exec-5] o.s.security.web.FilterChainProxy        : Secured GET /login
2024-08-24T14:33:08.867+05:30 DEBUG 3408 --- [StockMarket] [http-nio-8080-exec-5] o.s.s.w.a.AnonymousAuthenticationFilter  : Set SecurityContextHolder to anonymous SecurityContext
2024-08-24T14:33:08.868+05:30 DEBUG 3408 --- [StockMarket] [http-nio-8080-exec-5] o.s.security.web.FilterChainProxy        : Securing GET /error
2024-08-24T14:33:08.868+05:30 DEBUG 3408 --- [StockMarket] [http-nio-8080-exec-5] o.s.s.w.a.AnonymousAuthenticationFilter  : Set SecurityContextHolder to anonymous SecurityContext
2024-08-24T14:33:08.869+05:30 DEBUG 3408 --- [StockMarket] [http-nio-8080-exec-5] o.s.s.w.s.HttpSessionRequestCache        : Saved request http://localhost:8080/error?continue to session
2024-08-24T14:33:08.870+05:30 DEBUG 3408 --- [StockMarket] [http-nio-8080-exec-5] o.s.s.web.DefaultRedirectStrategy        : Redirecting to http://localhost:8080/login
2024-08-24T14:33:08.874+05:30 DEBUG 3408 --- [StockMarket] [http-nio-8080-exec-7] o.s.security.web.FilterChainProxy        : Securing GET /login
2024-08-24T14:33:08.876+05:30 DEBUG 3408 --- [StockMarket] [http-nio-8080-exec-7] o.s.security.web.FilterChainProxy        : Secured GET /login
2024-08-24T14:33:08.882+05:30 DEBUG 3408 --- [StockMarket] [http-nio-8080-exec-7] o.s.s.w.a.AnonymousAuthenticationFilter  : Set SecurityContextHolder to anonymous SecurityContext
2024-08-24T14:33:08.884+05:30 DEBUG 3408 --- [StockMarket] [http-nio-8080-exec-7] o.s.security.web.FilterChainProxy        : Securing GET /error
2024-08-24T14:33:08.885+05:30 DEBUG 3408 --- [StockMarket] [http-nio-8080-exec-7] o.s.s.w.a.AnonymousAuthenticationFilter  : Set SecurityContextHolder to anonymous SecurityContext
2024-08-24T14:33:08.885+05:30 DEBUG 3408 --- [StockMarket] [http-nio-8080-exec-7] o.s.s.w.s.HttpSessionRequestCache        : Saved request http://localhost:8080/error?continue to session
2024-08-24T14:33:08.886+05:30 DEBUG 3408 --- [StockMarket] [http-nio-8080-exec-7] o.s.s.web.DefaultRedirectStrategy        : Redirecting to http://localhost:8080/login
2024-08-24T14:33:08.892+05:30 DEBUG 3408 --- [StockMarket] [http-nio-8080-exec-7] o.s.security.web.FilterChainProxy        : Securing GET /login
2024-08-24T14:33:08.897+05:30 DEBUG 3408 --- [StockMarket] [http-nio-8080-exec-7] o.s.security.web.FilterChainProxy        : Secured GET /login
2024-08-24T14:33:08.900+05:30 DEBUG 3408 --- [StockMarket] [http-nio-8080-exec-7] o.s.s.w.a.AnonymousAuthenticationFilter  : Set SecurityContextHolder to anonymous SecurityContext
2024-08-24T14:33:08.902+05:30 DEBUG 3408 --- [StockMarket] [http-nio-8080-exec-7] o.s.security.web.FilterChainProxy        : Securing GET /error
2024-08-24T14:33:08.902+05:30 DEBUG 3408 --- [StockMarket] [http-nio-8080-exec-7] o.s.s.w.a.AnonymousAuthenticationFilter  : Set SecurityContextHolder to anonymous SecurityContext
2024-08-24T14:33:08.903+05:30 DEBUG 3408 --- [StockMarket] [http-nio-8080-exec-7] o.s.s.w.s.HttpSessionRequestCache        : Saved request http://localhost:8080/error?continue to session
2024-08-24T14:33:08.903+05:30 DEBUG 3408 --- [StockMarket] [http-nio-8080-exec-7] o.s.s.web.DefaultRedirectStrategy        : Redirecting to http://localhost:8080/login
2024-08-24T14:33:08.906+05:30 DEBUG 3408 --- [StockMarket] [http-nio-8080-exec-6] o.s.security.web.FilterChainProxy        : Securing GET /login
2024-08-24T14:33:08.909+05:30 DEBUG 3408 --- [StockMarket] [http-nio-8080-exec-6] o.s.security.web.FilterChainProxy        : Secured GET /login
2024-08-24T14:33:08.915+05:30 DEBUG 3408 --- [StockMarket] [http-nio-8080-exec-6] o.s.s.w.a.AnonymousAuthenticationFilter  : Set SecurityContextHolder to anonymous SecurityContext
2024-08-24T14:33:08.918+05:30 DEBUG 3408 --- [StockMarket] [http-nio-8080-exec-6] o.s.security.web.FilterChainProxy        : Securing GET /error
2024-08-24T14:33:08.918+05:30 DEBUG 3408 --- [StockMarket] [http-nio-8080-exec-6] o.s.s.w.a.AnonymousAuthenticationFilter  : Set SecurityContextHolder to anonymous SecurityContext
2024-08-24T14:33:08.919+05:30 DEBUG 3408 --- [StockMarket] [http-nio-8080-exec-6] o.s.s.w.s.HttpSessionRequestCache        : Saved request http://localhost:8080/error?continue to session
2024-08-24T14:33:08.919+05:30 DEBUG 3408 --- [StockMarket] [http-nio-8080-exec-6] o.s.s.web.DefaultRedirectStrategy        : Redirecting to http://localhost:8080/login
2024-08-24T14:33:08.926+05:30 DEBUG 3408 --- [StockMarket] [http-nio-8080-exec-6] o.s.security.web.FilterChainProxy        : Securing GET /login
2024-08-24T14:33:08.930+05:30 DEBUG 3408 --- [StockMarket] [http-nio-8080-exec-6] o.s.security.web.FilterChainProxy        : Secured GET /login
2024-08-24T14:33:08.934+05:30 DEBUG 3408 --- [StockMarket] [http-nio-8080-exec-6] o.s.s.w.a.AnonymousAuthenticationFilter  : Set SecurityContextHolder to anonymous SecurityContext
2024-08-24T14:33:08.935+05:30 DEBUG 3408 --- [StockMarket] [http-nio-8080-exec-6] o.s.security.web.FilterChainProxy        : Securing GET /error
2024-08-24T14:33:08.935+05:30 DEBUG 3408 --- [StockMarket] [http-nio-8080-exec-6] o.s.s.w.a.AnonymousAuthenticationFilter  : Set SecurityContextHolder to anonymous SecurityContext
2024-08-24T14:33:08.936+05:30 DEBUG 3408 --- [StockMarket] [http-nio-8080-exec-6] o.s.s.w.s.HttpSessionRequestCache        : Saved request http://localhost:8080/error?continue to session
2024-08-24T14:33:08.936+05:30 DEBUG 3408 --- [StockMarket] [http-nio-8080-exec-6] o.s.s.web.DefaultRedirectStrategy        : Redirecting to http://localhost:8080/login
2024-08-24T14:33:08.939+05:30 DEBUG 3408 --- [StockMarket] [http-nio-8080-exec-6] o.s.security.web.FilterChainProxy        : Securing GET /login
2024-08-24T14:33:08.939+05:30 DEBUG 3408 --- [StockMarket] [http-nio-8080-exec-6] o.s.security.web.FilterChainProxy        : Secured GET /login
2024-08-24T14:33:08.942+05:30 DEBUG 3408 --- [StockMarket] [http-nio-8080-exec-6] o.s.s.w.a.AnonymousAuthenticationFilter  : Set SecurityContextHolder to anonymous SecurityContext
2024-08-24T14:33:08.947+05:30 DEBUG 3408 --- [StockMarket] [http-nio-8080-exec-6] o.s.security.web.FilterChainProxy        : Securing GET /error
2024-08-24T14:33:08.949+05:30 DEBUG 3408 --- [StockMarket] [http-nio-8080-exec-6] o.s.s.w.a.AnonymousAuthenticationFilter  : Set SecurityContextHolder to anonymous SecurityContext
2024-08-24T14:33:08.949+05:30 DEBUG 3408 --- [StockMarket] [http-nio-8080-exec-6] o.s.s.w.s.HttpSessionRequestCache        : Saved request http://localhost:8080/error?continue to session
2024-08-24T14:33:08.949+05:30 DEBUG 3408 --- [StockMarket] [http-nio-8080-exec-6] o.s.s.web.DefaultRedirectStrategy        : Redirecting to http://localhost:8080/login
2024-08-24T14:33:08.952+05:30 DEBUG 3408 --- [StockMarket] [http-nio-8080-exec-8] o.s.security.web.FilterChainProxy        : Securing GET /login
2024-08-24T14:33:08.953+05:30 DEBUG 3408 --- [StockMarket] [http-nio-8080-exec-8] o.s.security.web.FilterChainProxy        : Secured GET /login
2024-08-24T14:33:08.955+05:30 DEBUG 3408 --- [StockMarket] [http-nio-8080-exec-8] o.s.s.w.a.AnonymousAuthenticationFilter  : Set SecurityContextHolder to anonymous SecurityContext
2024-08-24T14:33:08.956+05:30 DEBUG 3408 --- [StockMarket] [http-nio-8080-exec-8] o.s.security.web.FilterChainProxy        : Securing GET /error
2024-08-24T14:33:08.957+05:30 DEBUG 3408 --- [StockMarket] [http-nio-8080-exec-8] o.s.s.w.a.AnonymousAuthenticationFilter  : Set SecurityContextHolder to anonymous SecurityContext
2024-08-24T14:33:08.957+05:30 DEBUG 3408 --- [StockMarket] [http-nio-8080-exec-8] o.s.s.w.s.HttpSessionRequestCache        : Saved request http://localhost:8080/error?continue to session
2024-08-24T14:33:08.958+05:30 DEBUG 3408 --- [StockMarket] [http-nio-8080-exec-8] o.s.s.web.DefaultRedirectStrategy        : Redirecting to http://localhost:8080/login
2024-08-24T14:33:51.082+05:30  INFO 5484 --- [StockMarket] [main] S.B.StockMarket.StockMarketApplication   : Starting StockMarketApplication using Java 18.0.2.1 with PID 5484 (E:\CDAC\Projects\STOCK_Market\StockMarket\target\classes started by lenovo in E:\CDAC\Projects\STOCK_Market\StockMarket)
2024-08-24T14:33:51.087+05:30  INFO 5484 --- [StockMarket] [main] S.B.StockMarket.StockMarketApplication   : No active profile set, falling back to 1 default profile: "default"
2024-08-24T14:33:52.344+05:30  INFO 5484 --- [StockMarket] [main] .s.d.r.c.RepositoryConfigurationDelegate : Bootstrapping Spring Data JDBC repositories in DEFAULT mode.
2024-08-24T14:33:52.372+05:30  INFO 5484 --- [StockMarket] [main] .s.d.r.c.RepositoryConfigurationDelegate : Finished Spring Data repository scanning in 17 ms. Found 0 JDBC repository interfaces.
2024-08-24T14:33:53.498+05:30  INFO 5484 --- [StockMarket] [main] o.s.b.w.embedded.tomcat.TomcatWebServer  : Tomcat initialized with port 8080 (http)
2024-08-24T14:33:53.543+05:30  INFO 5484 --- [StockMarket] [main] o.apache.catalina.core.StandardService   : Starting service [Tomcat]
2024-08-24T14:33:53.543+05:30  INFO 5484 --- [StockMarket] [main] o.apache.catalina.core.StandardEngine    : Starting Servlet engine: [Apache Tomcat/10.1.28]
2024-08-24T14:33:53.659+05:30  INFO 5484 --- [StockMarket] [main] o.a.c.c.C.[Tomcat].[localhost].[/]       : Initializing Spring embedded WebApplicationContext
2024-08-24T14:33:53.660+05:30  INFO 5484 --- [StockMarket] [main] w.s.c.ServletWebServerApplicationContext : Root WebApplicationContext: initialization completed in 2491 ms
2024-08-24T14:33:54.158+05:30  INFO 5484 --- [StockMarket] [main] r$InitializeUserDetailsManagerConfigurer : Global AuthenticationManager configured with UserDetailsService bean with name userDetailsService
2024-08-24T14:33:55.139+05:30 DEBUG 5484 --- [StockMarket] [main] o.s.s.web.DefaultSecurityFilterChain     : Will secure any request with filters: DisableEncodeUrlFilter, WebAsyncManagerIntegrationFilter, SecurityContextHolderFilter, HeaderWriterFilter, LogoutFilter, UsernamePasswordAuthenticationFilter, RequestCacheAwareFilter, SecurityContextHolderAwareRequestFilter, AnonymousAuthenticationFilter, ExceptionTranslationFilter, AuthorizationFilter
2024-08-24T14:33:55.890+05:30  INFO 5484 --- [StockMarket] [main] com.zaxxer.hikari.HikariDataSource       : HikariPool-1 - Starting...
2024-08-24T14:33:56.878+05:30  INFO 5484 --- [StockMarket] [main] com.zaxxer.hikari.pool.HikariPool        : HikariPool-1 - Added connection com.mysql.cj.jdbc.ConnectionImpl@3b218c74
2024-08-24T14:33:56.883+05:30  INFO 5484 --- [StockMarket] [main] com.zaxxer.hikari.HikariDataSource       : HikariPool-1 - Start completed.
2024-08-24T14:33:57.112+05:30  INFO 5484 --- [StockMarket] [main] o.s.b.w.embedded.tomcat.TomcatWebServer  : Tomcat started on port 8080 (http) with context path '/'
2024-08-24T14:33:57.122+05:30  INFO 5484 --- [StockMarket] [main] S.B.StockMarket.StockMarketApplication   : Started StockMarketApplication in 6.749 seconds (process running for 7.22)
2024-08-24T14:34:05.859+05:30  INFO 5484 --- [StockMarket] [http-nio-8080-exec-1] o.a.c.c.C.[Tomcat].[localhost].[/]       : Initializing Spring DispatcherServlet 'dispatcherServlet'
2024-08-24T14:34:05.860+05:30  INFO 5484 --- [StockMarket] [http-nio-8080-exec-1] o.s.web.servlet.DispatcherServlet        : Initializing Servlet 'dispatcherServlet'
2024-08-24T14:34:05.869+05:30  INFO 5484 --- [StockMarket] [http-nio-8080-exec-1] o.s.web.servlet.DispatcherServlet        : Completed initialization in 8 ms
2024-08-24T14:34:05.973+05:30 DEBUG 5484 --- [StockMarket] [http-nio-8080-exec-1] o.s.security.web.FilterChainProxy        : Securing POST /stockmarket/create
2024-08-24T14:34:06.038+05:30 DEBUG 5484 --- [StockMarket] [http-nio-8080-exec-1] o.s.s.w.a.AnonymousAuthenticationFilter  : Set SecurityContextHolder to anonymous SecurityContext
2024-08-24T14:34:06.128+05:30 DEBUG 5484 --- [StockMarket] [http-nio-8080-exec-1] o.s.s.w.s.HttpSessionRequestCache        : Saved request http://localhost:8080/stockmarket/create?continue to session
2024-08-24T14:34:06.133+05:30 DEBUG 5484 --- [StockMarket] [http-nio-8080-exec-1] o.s.s.web.DefaultRedirectStrategy        : Redirecting to http://localhost:8080/login
2024-08-24T14:34:06.161+05:30 DEBUG 5484 --- [StockMarket] [http-nio-8080-exec-3] o.s.security.web.FilterChainProxy        : Securing GET /login
2024-08-24T14:34:06.167+05:30 DEBUG 5484 --- [StockMarket] [http-nio-8080-exec-3] o.s.security.web.FilterChainProxy        : Secured GET /login
2024-08-24T14:34:06.189+05:30 DEBUG 5484 --- [StockMarket] [http-nio-8080-exec-3] o.s.s.w.a.AnonymousAuthenticationFilter  : Set SecurityContextHolder to anonymous SecurityContext
2024-08-24T14:34:06.203+05:30 DEBUG 5484 --- [StockMarket] [http-nio-8080-exec-3] o.s.security.web.FilterChainProxy        : Securing GET /error
2024-08-24T14:34:06.203+05:30 DEBUG 5484 --- [StockMarket] [http-nio-8080-exec-3] o.s.s.w.a.AnonymousAuthenticationFilter  : Set SecurityContextHolder to anonymous SecurityContext
2024-08-24T14:34:06.204+05:30 DEBUG 5484 --- [StockMarket] [http-nio-8080-exec-3] o.s.s.w.s.HttpSessionRequestCache        : Saved request http://localhost:8080/error?continue to session
2024-08-24T14:34:06.204+05:30 DEBUG 5484 --- [StockMarket] [http-nio-8080-exec-3] o.s.s.web.DefaultRedirectStrategy        : Redirecting to http://localhost:8080/login
2024-08-24T14:34:06.209+05:30 DEBUG 5484 --- [StockMarket] [http-nio-8080-exec-4] o.s.security.web.FilterChainProxy        : Securing GET /login
2024-08-24T14:34:06.210+05:30 DEBUG 5484 --- [StockMarket] [http-nio-8080-exec-4] o.s.security.web.FilterChainProxy        : Secured GET /login
2024-08-24T14:34:06.217+05:30 DEBUG 5484 --- [StockMarket] [http-nio-8080-exec-4] o.s.s.w.a.AnonymousAuthenticationFilter  : Set SecurityContextHolder to anonymous SecurityContext
2024-08-24T14:34:06.222+05:30 DEBUG 5484 --- [StockMarket] [http-nio-8080-exec-4] o.s.security.web.FilterChainProxy        : Securing GET /error
2024-08-24T14:34:06.223+05:30 DEBUG 5484 --- [StockMarket] [http-nio-8080-exec-4] o.s.s.w.a.AnonymousAuthenticationFilter  : Set SecurityContextHolder to anonymous SecurityContext
2024-08-24T14:34:06.224+05:30 DEBUG 5484 --- [StockMarket] [http-nio-8080-exec-4] o.s.s.w.s.HttpSessionRequestCache        : Saved request http://localhost:8080/error?continue to session
2024-08-24T14:34:06.225+05:30 DEBUG 5484 --- [StockMarket] [http-nio-8080-exec-4] o.s.s.web.DefaultRedirectStrategy        : Redirecting to http://localhost:8080/login
2024-08-24T14:34:06.229+05:30 DEBUG 5484 --- [StockMarket] [http-nio-8080-exec-5] o.s.security.web.FilterChainProxy        : Securing GET /login
2024-08-24T14:34:06.231+05:30 DEBUG 5484 --- [StockMarket] [http-nio-8080-exec-5] o.s.security.web.FilterChainProxy        : Secured GET /login
2024-08-24T14:34:06.234+05:30 DEBUG 5484 --- [StockMarket] [http-nio-8080-exec-5] o.s.s.w.a.AnonymousAuthenticationFilter  : Set SecurityContextHolder to anonymous SecurityContext
2024-08-24T14:34:06.238+05:30 DEBUG 5484 --- [StockMarket] [http-nio-8080-exec-5] o.s.security.web.FilterChainProxy        : Securing GET /error
2024-08-24T14:34:06.238+05:30 DEBUG 5484 --- [StockMarket] [http-nio-8080-exec-5] o.s.s.w.a.AnonymousAuthenticationFilter  : Set SecurityContextHolder to anonymous SecurityContext
2024-08-24T14:34:06.239+05:30 DEBUG 5484 --- [StockMarket] [http-nio-8080-exec-5] o.s.s.w.s.HttpSessionRequestCache        : Saved request http://localhost:8080/error?continue to session
2024-08-24T14:34:06.239+05:30 DEBUG 5484 --- [StockMarket] [http-nio-8080-exec-5] o.s.s.web.DefaultRedirectStrategy        : Redirecting to http://localhost:8080/login
2024-08-24T14:34:06.244+05:30 DEBUG 5484 --- [StockMarket] [http-nio-8080-exec-6] o.s.security.web.FilterChainProxy        : Securing GET /login
2024-08-24T14:34:06.244+05:30 DEBUG 5484 --- [StockMarket] [http-nio-8080-exec-6] o.s.security.web.FilterChainProxy        : Secured GET /login
2024-08-24T14:34:06.245+05:30 DEBUG 5484 --- [StockMarket] [http-nio-8080-exec-6] o.s.s.w.a.AnonymousAuthenticationFilter  : Set SecurityContextHolder to anonymous SecurityContext
2024-08-24T14:34:06.249+05:30 DEBUG 5484 --- [StockMarket] [http-nio-8080-exec-6] o.s.security.web.FilterChainProxy        : Securing GET /error
2024-08-24T14:34:06.250+05:30 DEBUG 5484 --- [StockMarket] [http-nio-8080-exec-6] o.s.s.w.a.AnonymousAuthenticationFilter  : Set SecurityContextHolder to anonymous SecurityContext
2024-08-24T14:34:06.253+05:30 DEBUG 5484 --- [StockMarket] [http-nio-8080-exec-6] o.s.s.w.s.HttpSessionRequestCache        : Saved request http://localhost:8080/error?continue to session
2024-08-24T14:34:06.254+05:30 DEBUG 5484 --- [StockMarket] [http-nio-8080-exec-6] o.s.s.web.DefaultRedirectStrategy        : Redirecting to http://localhost:8080/login
2024-08-24T14:34:06.257+05:30 DEBUG 5484 --- [StockMarket] [http-nio-8080-exec-8] o.s.security.web.FilterChainProxy        : Securing GET /login
2024-08-24T14:34:06.258+05:30 DEBUG 5484 --- [StockMarket] [http-nio-8080-exec-8] o.s.security.web.FilterChainProxy        : Secured GET /login
2024-08-24T14:34:06.260+05:30 DEBUG 5484 --- [StockMarket] [http-nio-8080-exec-8] o.s.s.w.a.AnonymousAuthenticationFilter  : Set SecurityContextHolder to anonymous SecurityContext
2024-08-24T14:34:06.262+05:30 DEBUG 5484 --- [StockMarket] [http-nio-8080-exec-8] o.s.security.web.FilterChainProxy        : Securing GET /error
2024-08-24T14:34:06.262+05:30 DEBUG 5484 --- [StockMarket] [http-nio-8080-exec-8] o.s.s.w.a.AnonymousAuthenticationFilter  : Set SecurityContextHolder to anonymous SecurityContext
2024-08-24T14:34:06.268+05:30 DEBUG 5484 --- [StockMarket] [http-nio-8080-exec-8] o.s.s.w.s.HttpSessionRequestCache        : Saved request http://localhost:8080/error?continue to session
2024-08-24T14:34:06.269+05:30 DEBUG 5484 --- [StockMarket] [http-nio-8080-exec-8] o.s.s.web.DefaultRedirectStrategy        : Redirecting to http://localhost:8080/login
2024-08-24T14:34:06.274+05:30 DEBUG 5484 --- [StockMarket] [http-nio-8080-exec-8] o.s.security.web.FilterChainProxy        : Securing GET /login
2024-08-24T14:34:06.274+05:30 DEBUG 5484 --- [StockMarket] [http-nio-8080-exec-8] o.s.security.web.FilterChainProxy        : Secured GET /login
2024-08-24T14:34:06.276+05:30 DEBUG 5484 --- [StockMarket] [http-nio-8080-exec-8] o.s.s.w.a.AnonymousAuthenticationFilter  : Set SecurityContextHolder to anonymous SecurityContext
2024-08-24T14:34:06.278+05:30 DEBUG 5484 --- [StockMarket] [http-nio-8080-exec-8] o.s.security.web.FilterChainProxy        : Securing GET /error
2024-08-24T14:34:06.278+05:30 DEBUG 5484 --- [StockMarket] [http-nio-8080-exec-8] o.s.s.w.a.AnonymousAuthenticationFilter  : Set SecurityContextHolder to anonymous SecurityContext
2024-08-24T14:34:06.285+05:30 DEBUG 5484 --- [StockMarket] [http-nio-8080-exec-8] o.s.s.w.s.HttpSessionRequestCache        : Saved request http://localhost:8080/error?continue to session
2024-08-24T14:34:06.287+05:30 DEBUG 5484 --- [StockMarket] [http-nio-8080-exec-8] o.s.s.web.DefaultRedirectStrategy        : Redirecting to http://localhost:8080/login
2024-08-24T14:34:06.293+05:30 DEBUG 5484 --- [StockMarket] [http-nio-8080-exec-8] o.s.security.web.FilterChainProxy        : Securing GET /login
2024-08-24T14:34:06.293+05:30 DEBUG 5484 --- [StockMarket] [http-nio-8080-exec-8] o.s.security.web.FilterChainProxy        : Secured GET /login
2024-08-24T14:34:06.295+05:30 DEBUG 5484 --- [StockMarket] [http-nio-8080-exec-8] o.s.s.w.a.AnonymousAuthenticationFilter  : Set SecurityContextHolder to anonymous SecurityContext
2024-08-24T14:34:06.298+05:30 DEBUG 5484 --- [StockMarket] [http-nio-8080-exec-8] o.s.security.web.FilterChainProxy        : Securing GET /error
2024-08-24T14:34:06.298+05:30 DEBUG 5484 --- [StockMarket] [http-nio-8080-exec-8] o.s.s.w.a.AnonymousAuthenticationFilter  : Set SecurityContextHolder to anonymous SecurityContext
2024-08-24T14:34:06.302+05:30 DEBUG 5484 --- [StockMarket] [http-nio-8080-exec-8] o.s.s.w.s.HttpSessionRequestCache        : Saved request http://localhost:8080/error?continue to session
2024-08-24T14:34:06.302+05:30 DEBUG 5484 --- [StockMarket] [http-nio-8080-exec-8] o.s.s.web.DefaultRedirectStrategy        : Redirecting to http://localhost:8080/login
2024-08-24T14:34:06.307+05:30 DEBUG 5484 --- [StockMarket] [http-nio-8080-exec-8] o.s.security.web.FilterChainProxy        : Securing GET /login
2024-08-24T14:34:06.308+05:30 DEBUG 5484 --- [StockMarket] [http-nio-8080-exec-8] o.s.security.web.FilterChainProxy        : Secured GET /login
2024-08-24T14:34:06.310+05:30 DEBUG 5484 --- [StockMarket] [http-nio-8080-exec-8] o.s.s.w.a.AnonymousAuthenticationFilter  : Set SecurityContextHolder to anonymous SecurityContext
2024-08-24T14:34:06.312+05:30 DEBUG 5484 --- [StockMarket] [http-nio-8080-exec-8] o.s.security.web.FilterChainProxy        : Securing GET /error
2024-08-24T14:34:06.312+05:30 DEBUG 5484 --- [StockMarket] [http-nio-8080-exec-8] o.s.s.w.a.AnonymousAuthenticationFilter  : Set SecurityContextHolder to anonymous SecurityContext
2024-08-24T14:34:06.318+05:30 DEBUG 5484 --- [StockMarket] [http-nio-8080-exec-8] o.s.s.w.s.HttpSessionRequestCache        : Saved request http://localhost:8080/error?continue to session
2024-08-24T14:34:06.320+05:30 DEBUG 5484 --- [StockMarket] [http-nio-8080-exec-8] o.s.s.web.DefaultRedirectStrategy        : Redirecting to http://localhost:8080/login
2024-08-24T14:34:06.325+05:30 DEBUG 5484 --- [StockMarket] [http-nio-8080-exec-9] o.s.security.web.FilterChainProxy        : Securing GET /login
2024-08-24T14:34:06.326+05:30 DEBUG 5484 --- [StockMarket] [http-nio-8080-exec-9] o.s.security.web.FilterChainProxy        : Secured GET /login
2024-08-24T14:34:06.327+05:30 DEBUG 5484 --- [StockMarket] [http-nio-8080-exec-9] o.s.s.w.a.AnonymousAuthenticationFilter  : Set SecurityContextHolder to anonymous SecurityContext
2024-08-24T14:34:06.332+05:30 DEBUG 5484 --- [StockMarket] [http-nio-8080-exec-9] o.s.security.web.FilterChainProxy        : Securing GET /error
2024-08-24T14:34:06.333+05:30 DEBUG 5484 --- [StockMarket] [http-nio-8080-exec-9] o.s.s.w.a.AnonymousAuthenticationFilter  : Set SecurityContextHolder to anonymous SecurityContext
2024-08-24T14:34:06.337+05:30 DEBUG 5484 --- [StockMarket] [http-nio-8080-exec-9] o.s.s.w.s.HttpSessionRequestCache        : Saved request http://localhost:8080/error?continue to session
2024-08-24T14:34:06.337+05:30 DEBUG 5484 --- [StockMarket] [http-nio-8080-exec-9] o.s.s.web.DefaultRedirectStrategy        : Redirecting to http://localhost:8080/login
2024-08-24T14:34:06.343+05:30 DEBUG 5484 --- [StockMarket] [http-nio-8080-exec-7] o.s.security.web.FilterChainProxy        : Securing GET /login
2024-08-24T14:34:06.344+05:30 DEBUG 5484 --- [StockMarket] [http-nio-8080-exec-7] o.s.security.web.FilterChainProxy        : Secured GET /login
2024-08-24T14:34:06.346+05:30 DEBUG 5484 --- [StockMarket] [http-nio-8080-exec-7] o.s.s.w.a.AnonymousAuthenticationFilter  : Set SecurityContextHolder to anonymous SecurityContext
2024-08-24T14:34:06.349+05:30 DEBUG 5484 --- [StockMarket] [http-nio-8080-exec-7] o.s.security.web.FilterChainProxy        : Securing GET /error
2024-08-24T14:34:06.350+05:30 DEBUG 5484 --- [StockMarket] [http-nio-8080-exec-7] o.s.s.w.a.AnonymousAuthenticationFilter  : Set SecurityContextHolder to anonymous SecurityContext
2024-08-24T14:34:06.353+05:30 DEBUG 5484 --- [StockMarket] [http-nio-8080-exec-7] o.s.s.w.s.HttpSessionRequestCache        : Saved request http://localhost:8080/error?continue to session
2024-08-24T14:34:06.353+05:30 DEBUG 5484 --- [StockMarket] [http-nio-8080-exec-7] o.s.s.web.DefaultRedirectStrategy        : Redirecting to http://localhost:8080/login
2024-08-24T14:46:10.436+05:30  INFO 15080 --- [StockMarket] [main] S.B.StockMarket.StockMarketApplication   : Starting StockMarketApplication using Java 18.0.2.1 with PID 15080 (E:\CDAC\Projects\STOCK_Market\StockMarket\target\classes started by lenovo in E:\CDAC\Projects\STOCK_Market\StockMarket)
2024-08-24T14:46:10.742+05:30  INFO 15080 --- [StockMarket] [main] S.B.StockMarket.StockMarketApplication   : No active profile set, falling back to 1 default profile: "default"
2024-08-24T14:46:11.713+05:30  INFO 15080 --- [StockMarket] [main] .s.d.r.c.RepositoryConfigurationDelegate : Bootstrapping Spring Data JDBC repositories in DEFAULT mode.
2024-08-24T14:46:11.734+05:30  INFO 15080 --- [StockMarket] [main] .s.d.r.c.RepositoryConfigurationDelegate : Finished Spring Data repository scanning in 15 ms. Found 0 JDBC repository interfaces.
2024-08-24T14:46:12.604+05:30  INFO 15080 --- [StockMarket] [main] o.s.b.w.embedded.tomcat.TomcatWebServer  : Tomcat initialized with port 8080 (http)
2024-08-24T14:46:12.629+05:30  INFO 15080 --- [StockMarket] [main] o.apache.catalina.core.StandardService   : Starting service [Tomcat]
2024-08-24T14:46:12.629+05:30  INFO 15080 --- [StockMarket] [main] o.apache.catalina.core.StandardEngine    : Starting Servlet engine: [Apache Tomcat/10.1.28]
2024-08-24T14:46:12.731+05:30  INFO 15080 --- [StockMarket] [main] o.a.c.c.C.[Tomcat].[localhost].[/]       : Initializing Spring embedded WebApplicationContext
2024-08-24T14:46:12.731+05:30  INFO 15080 --- [StockMarket] [main] w.s.c.ServletWebServerApplicationContext : Root WebApplicationContext: initialization completed in 1878 ms
2024-08-24T14:46:13.112+05:30  INFO 15080 --- [StockMarket] [main] r$InitializeUserDetailsManagerConfigurer : Global AuthenticationManager configured with UserDetailsService bean with name userDetailsService
2024-08-24T14:46:13.407+05:30 DEBUG 15080 --- [StockMarket] [main] o.s.s.web.DefaultSecurityFilterChain     : Will secure any request with filters: DisableEncodeUrlFilter, WebAsyncManagerIntegrationFilter, SecurityContextHolderFilter, HeaderWriterFilter, LogoutFilter, UsernamePasswordAuthenticationFilter, RequestCacheAwareFilter, SecurityContextHolderAwareRequestFilter, AnonymousAuthenticationFilter, ExceptionTranslationFilter, AuthorizationFilter
2024-08-24T14:46:13.660+05:30  INFO 15080 --- [StockMarket] [main] com.zaxxer.hikari.HikariDataSource       : HikariPool-1 - Starting...
2024-08-24T14:46:14.249+05:30  INFO 15080 --- [StockMarket] [main] com.zaxxer.hikari.pool.HikariPool        : HikariPool-1 - Added connection com.mysql.cj.jdbc.ConnectionImpl@3f866f50
2024-08-24T14:46:14.253+05:30  INFO 15080 --- [StockMarket] [main] com.zaxxer.hikari.HikariDataSource       : HikariPool-1 - Start completed.
2024-08-24T14:46:14.533+05:30  INFO 15080 --- [StockMarket] [main] o.s.b.w.embedded.tomcat.TomcatWebServer  : Tomcat started on port 8080 (http) with context path '/'
2024-08-24T14:46:14.558+05:30  INFO 15080 --- [StockMarket] [main] S.B.StockMarket.StockMarketApplication   : Started StockMarketApplication in 4.735 seconds (process running for 5.41)
2024-08-24T14:46:20.908+05:30  INFO 15080 --- [StockMarket] [http-nio-8080-exec-1] o.a.c.c.C.[Tomcat].[localhost].[/]       : Initializing Spring DispatcherServlet 'dispatcherServlet'
2024-08-24T14:46:20.910+05:30  INFO 15080 --- [StockMarket] [http-nio-8080-exec-1] o.s.web.servlet.DispatcherServlet        : Initializing Servlet 'dispatcherServlet'
2024-08-24T14:46:20.917+05:30  INFO 15080 --- [StockMarket] [http-nio-8080-exec-1] o.s.web.servlet.DispatcherServlet        : Completed initialization in 6 ms
2024-08-24T14:46:20.962+05:30 DEBUG 15080 --- [StockMarket] [http-nio-8080-exec-1] o.s.security.web.FilterChainProxy        : Securing POST /stockmarket/create
2024-08-24T14:46:20.984+05:30 DEBUG 15080 --- [StockMarket] [http-nio-8080-exec-1] o.s.s.w.a.AnonymousAuthenticationFilter  : Set SecurityContextHolder to anonymous SecurityContext
2024-08-24T14:46:21.075+05:30 DEBUG 15080 --- [StockMarket] [http-nio-8080-exec-1] o.s.s.w.s.HttpSessionRequestCache        : Saved request http://localhost:8080/stockmarket/create?continue to session
2024-08-24T14:46:21.079+05:30 DEBUG 15080 --- [StockMarket] [http-nio-8080-exec-1] o.s.s.web.DefaultRedirectStrategy        : Redirecting to http://localhost:8080/login
2024-08-24T14:46:21.127+05:30 DEBUG 15080 --- [StockMarket] [http-nio-8080-exec-3] o.s.security.web.FilterChainProxy        : Securing GET /login
2024-08-24T14:46:21.129+05:30 DEBUG 15080 --- [StockMarket] [http-nio-8080-exec-3] o.s.security.web.FilterChainProxy        : Secured GET /login
2024-08-24T14:46:21.157+05:30 DEBUG 15080 --- [StockMarket] [http-nio-8080-exec-3] o.s.s.w.a.AnonymousAuthenticationFilter  : Set SecurityContextHolder to anonymous SecurityContext
2024-08-24T14:46:21.167+05:30 DEBUG 15080 --- [StockMarket] [http-nio-8080-exec-3] o.s.security.web.FilterChainProxy        : Securing GET /error
2024-08-24T14:46:21.168+05:30 DEBUG 15080 --- [StockMarket] [http-nio-8080-exec-3] o.s.s.w.a.AnonymousAuthenticationFilter  : Set SecurityContextHolder to anonymous SecurityContext
2024-08-24T14:46:21.169+05:30 DEBUG 15080 --- [StockMarket] [http-nio-8080-exec-3] o.s.s.w.s.HttpSessionRequestCache        : Saved request http://localhost:8080/error?continue to session
2024-08-24T14:46:21.175+05:30 DEBUG 15080 --- [StockMarket] [http-nio-8080-exec-3] o.s.s.web.DefaultRedirectStrategy        : Redirecting to http://localhost:8080/login
2024-08-24T14:46:21.181+05:30 DEBUG 15080 --- [StockMarket] [http-nio-8080-exec-5] o.s.security.web.FilterChainProxy        : Securing GET /login
2024-08-24T14:46:21.182+05:30 DEBUG 15080 --- [StockMarket] [http-nio-8080-exec-5] o.s.security.web.FilterChainProxy        : Secured GET /login
2024-08-24T14:46:21.184+05:30 DEBUG 15080 --- [StockMarket] [http-nio-8080-exec-5] o.s.s.w.a.AnonymousAuthenticationFilter  : Set SecurityContextHolder to anonymous SecurityContext
2024-08-24T14:46:21.185+05:30 DEBUG 15080 --- [StockMarket] [http-nio-8080-exec-5] o.s.security.web.FilterChainProxy        : Securing GET /error
2024-08-24T14:46:21.187+05:30 DEBUG 15080 --- [StockMarket] [http-nio-8080-exec-5] o.s.s.w.a.AnonymousAuthenticationFilter  : Set SecurityContextHolder to anonymous SecurityContext
2024-08-24T14:46:21.191+05:30 DEBUG 15080 --- [StockMarket] [http-nio-8080-exec-5] o.s.s.w.s.HttpSessionRequestCache        : Saved request http://localhost:8080/error?continue to session
2024-08-24T14:46:21.191+05:30 DEBUG 15080 --- [StockMarket] [http-nio-8080-exec-5] o.s.s.web.DefaultRedirectStrategy        : Redirecting to http://localhost:8080/login
2024-08-24T14:46:21.196+05:30 DEBUG 15080 --- [StockMarket] [http-nio-8080-exec-5] o.s.security.web.FilterChainProxy        : Securing GET /login
2024-08-24T14:46:21.196+05:30 DEBUG 15080 --- [StockMarket] [http-nio-8080-exec-5] o.s.security.web.FilterChainProxy        : Secured GET /login
2024-08-24T14:46:21.207+05:30 DEBUG 15080 --- [StockMarket] [http-nio-8080-exec-5] o.s.s.w.a.AnonymousAuthenticationFilter  : Set SecurityContextHolder to anonymous SecurityContext
2024-08-24T14:46:21.209+05:30 DEBUG 15080 --- [StockMarket] [http-nio-8080-exec-5] o.s.security.web.FilterChainProxy        : Securing GET /error
2024-08-24T14:46:21.211+05:30 DEBUG 15080 --- [StockMarket] [http-nio-8080-exec-5] o.s.s.w.a.AnonymousAuthenticationFilter  : Set SecurityContextHolder to anonymous SecurityContext
2024-08-24T14:46:21.213+05:30 DEBUG 15080 --- [StockMarket] [http-nio-8080-exec-5] o.s.s.w.s.HttpSessionRequestCache        : Saved request http://localhost:8080/error?continue to session
2024-08-24T14:46:21.215+05:30 DEBUG 15080 --- [StockMarket] [http-nio-8080-exec-5] o.s.s.web.DefaultRedirectStrategy        : Redirecting to http://localhost:8080/login
2024-08-24T14:46:21.224+05:30 DEBUG 15080 --- [StockMarket] [http-nio-8080-exec-2] o.s.security.web.FilterChainProxy        : Securing GET /login
2024-08-24T14:46:21.224+05:30 DEBUG 15080 --- [StockMarket] [http-nio-8080-exec-2] o.s.security.web.FilterChainProxy        : Secured GET /login
2024-08-24T14:46:21.227+05:30 DEBUG 15080 --- [StockMarket] [http-nio-8080-exec-2] o.s.s.w.a.AnonymousAuthenticationFilter  : Set SecurityContextHolder to anonymous SecurityContext
2024-08-24T14:46:21.229+05:30 DEBUG 15080 --- [StockMarket] [http-nio-8080-exec-2] o.s.security.web.FilterChainProxy        : Securing GET /error
2024-08-24T14:46:21.229+05:30 DEBUG 15080 --- [StockMarket] [http-nio-8080-exec-2] o.s.s.w.a.AnonymousAuthenticationFilter  : Set SecurityContextHolder to anonymous SecurityContext
2024-08-24T14:46:21.231+05:30 DEBUG 15080 --- [StockMarket] [http-nio-8080-exec-2] o.s.s.w.s.HttpSessionRequestCache        : Saved request http://localhost:8080/error?continue to session
2024-08-24T14:46:21.231+05:30 DEBUG 15080 --- [StockMarket] [http-nio-8080-exec-2] o.s.s.web.DefaultRedirectStrategy        : Redirecting to http://localhost:8080/login
2024-08-24T14:46:21.235+05:30 DEBUG 15080 --- [StockMarket] [http-nio-8080-exec-7] o.s.security.web.FilterChainProxy        : Securing GET /login
2024-08-24T14:46:21.239+05:30 DEBUG 15080 --- [StockMarket] [http-nio-8080-exec-7] o.s.security.web.FilterChainProxy        : Secured GET /login
2024-08-24T14:46:21.242+05:30 DEBUG 15080 --- [StockMarket] [http-nio-8080-exec-7] o.s.s.w.a.AnonymousAuthenticationFilter  : Set SecurityContextHolder to anonymous SecurityContext
2024-08-24T14:46:21.244+05:30 DEBUG 15080 --- [StockMarket] [http-nio-8080-exec-7] o.s.security.web.FilterChainProxy        : Securing GET /error
2024-08-24T14:46:21.245+05:30 DEBUG 15080 --- [StockMarket] [http-nio-8080-exec-7] o.s.s.w.a.AnonymousAuthenticationFilter  : Set SecurityContextHolder to anonymous SecurityContext
2024-08-24T14:46:21.247+05:30 DEBUG 15080 --- [StockMarket] [http-nio-8080-exec-7] o.s.s.w.s.HttpSessionRequestCache        : Saved request http://localhost:8080/error?continue to session
2024-08-24T14:46:21.247+05:30 DEBUG 15080 --- [StockMarket] [http-nio-8080-exec-7] o.s.s.web.DefaultRedirectStrategy        : Redirecting to http://localhost:8080/login
2024-08-24T14:46:21.251+05:30 DEBUG 15080 --- [StockMarket] [http-nio-8080-exec-8] o.s.security.web.FilterChainProxy        : Securing GET /login
2024-08-24T14:46:21.252+05:30 DEBUG 15080 --- [StockMarket] [http-nio-8080-exec-8] o.s.security.web.FilterChainProxy        : Secured GET /login
2024-08-24T14:46:21.257+05:30 DEBUG 15080 --- [StockMarket] [http-nio-8080-exec-8] o.s.s.w.a.AnonymousAuthenticationFilter  : Set SecurityContextHolder to anonymous SecurityContext
2024-08-24T14:46:21.259+05:30 DEBUG 15080 --- [StockMarket] [http-nio-8080-exec-8] o.s.security.web.FilterChainProxy        : Securing GET /error
2024-08-24T14:46:21.259+05:30 DEBUG 15080 --- [StockMarket] [http-nio-8080-exec-8] o.s.s.w.a.AnonymousAuthenticationFilter  : Set SecurityContextHolder to anonymous SecurityContext
2024-08-24T14:46:21.261+05:30 DEBUG 15080 --- [StockMarket] [http-nio-8080-exec-8] o.s.s.w.s.HttpSessionRequestCache        : Saved request http://localhost:8080/error?continue to session
2024-08-24T14:46:21.261+05:30 DEBUG 15080 --- [StockMarket] [http-nio-8080-exec-8] o.s.s.web.DefaultRedirectStrategy        : Redirecting to http://localhost:8080/login
2024-08-24T14:46:21.265+05:30 DEBUG 15080 --- [StockMarket] [http-nio-8080-exec-8] o.s.security.web.FilterChainProxy        : Securing GET /login
2024-08-24T14:46:21.266+05:30 DEBUG 15080 --- [StockMarket] [http-nio-8080-exec-8] o.s.security.web.FilterChainProxy        : Secured GET /login
2024-08-24T14:46:21.269+05:30 DEBUG 15080 --- [StockMarket] [http-nio-8080-exec-8] o.s.s.w.a.AnonymousAuthenticationFilter  : Set SecurityContextHolder to anonymous SecurityContext
2024-08-24T14:46:21.274+05:30 DEBUG 15080 --- [StockMarket] [http-nio-8080-exec-8] o.s.security.web.FilterChainProxy        : Securing GET /error
2024-08-24T14:46:21.274+05:30 DEBUG 15080 --- [StockMarket] [http-nio-8080-exec-8] o.s.s.w.a.AnonymousAuthenticationFilter  : Set SecurityContextHolder to anonymous SecurityContext
2024-08-24T14:46:21.277+05:30 DEBUG 15080 --- [StockMarket] [http-nio-8080-exec-8] o.s.s.w.s.HttpSessionRequestCache        : Saved request http://localhost:8080/error?continue to session
2024-08-24T14:46:21.277+05:30 DEBUG 15080 --- [StockMarket] [http-nio-8080-exec-8] o.s.s.web.DefaultRedirectStrategy        : Redirecting to http://localhost:8080/login
2024-08-24T14:46:21.284+05:30 DEBUG 15080 --- [StockMarket] [http-nio-8080-exec-8] o.s.security.web.FilterChainProxy        : Securing GET /login
2024-08-24T14:46:21.284+05:30 DEBUG 15080 --- [StockMarket] [http-nio-8080-exec-8] o.s.security.web.FilterChainProxy        : Secured GET /login
2024-08-24T14:46:21.291+05:30 DEBUG 15080 --- [StockMarket] [http-nio-8080-exec-8] o.s.s.w.a.AnonymousAuthenticationFilter  : Set SecurityContextHolder to anonymous SecurityContext
2024-08-24T14:46:21.293+05:30 DEBUG 15080 --- [StockMarket] [http-nio-8080-exec-8] o.s.security.web.FilterChainProxy        : Securing GET /error
2024-08-24T14:46:21.293+05:30 DEBUG 15080 --- [StockMarket] [http-nio-8080-exec-8] o.s.s.w.a.AnonymousAuthenticationFilter  : Set SecurityContextHolder to anonymous SecurityContext
2024-08-24T14:46:21.296+05:30 DEBUG 15080 --- [StockMarket] [http-nio-8080-exec-8] o.s.s.w.s.HttpSessionRequestCache        : Saved request http://localhost:8080/error?continue to session
2024-08-24T14:46:21.297+05:30 DEBUG 15080 --- [StockMarket] [http-nio-8080-exec-8] o.s.s.web.DefaultRedirectStrategy        : Redirecting to http://localhost:8080/login
2024-08-24T14:46:21.306+05:30 DEBUG 15080 --- [StockMarket] [http-nio-8080-exec-8] o.s.security.web.FilterChainProxy        : Securing GET /login
2024-08-24T14:46:21.308+05:30 DEBUG 15080 --- [StockMarket] [http-nio-8080-exec-8] o.s.security.web.FilterChainProxy        : Secured GET /login
2024-08-24T14:46:21.310+05:30 DEBUG 15080 --- [StockMarket] [http-nio-8080-exec-8] o.s.s.w.a.AnonymousAuthenticationFilter  : Set SecurityContextHolder to anonymous SecurityContext
2024-08-24T14:46:21.312+05:30 DEBUG 15080 --- [StockMarket] [http-nio-8080-exec-8] o.s.security.web.FilterChainProxy        : Securing GET /error
2024-08-24T14:46:21.312+05:30 DEBUG 15080 --- [StockMarket] [http-nio-8080-exec-8] o.s.s.w.a.AnonymousAuthenticationFilter  : Set SecurityContextHolder to anonymous SecurityContext
2024-08-24T14:46:21.316+05:30 DEBUG 15080 --- [StockMarket] [http-nio-8080-exec-8] o.s.s.w.s.HttpSessionRequestCache        : Saved request http://localhost:8080/error?continue to session
2024-08-24T14:46:21.323+05:30 DEBUG 15080 --- [StockMarket] [http-nio-8080-exec-8] o.s.s.web.DefaultRedirectStrategy        : Redirecting to http://localhost:8080/login
2024-08-24T14:46:21.342+05:30 DEBUG 15080 --- [StockMarket] [http-nio-8080-exec-9] o.s.security.web.FilterChainProxy        : Securing GET /login
2024-08-24T14:46:21.342+05:30 DEBUG 15080 --- [StockMarket] [http-nio-8080-exec-9] o.s.security.web.FilterChainProxy        : Secured GET /login
2024-08-24T14:46:21.345+05:30 DEBUG 15080 --- [StockMarket] [http-nio-8080-exec-9] o.s.s.w.a.AnonymousAuthenticationFilter  : Set SecurityContextHolder to anonymous SecurityContext
2024-08-24T14:46:21.348+05:30 DEBUG 15080 --- [StockMarket] [http-nio-8080-exec-9] o.s.security.web.FilterChainProxy        : Securing GET /error
2024-08-24T14:46:21.348+05:30 DEBUG 15080 --- [StockMarket] [http-nio-8080-exec-9] o.s.s.w.a.AnonymousAuthenticationFilter  : Set SecurityContextHolder to anonymous SecurityContext
2024-08-24T14:46:21.358+05:30 DEBUG 15080 --- [StockMarket] [http-nio-8080-exec-9] o.s.s.w.s.HttpSessionRequestCache        : Saved request http://localhost:8080/error?continue to session
2024-08-24T14:46:21.359+05:30 DEBUG 15080 --- [StockMarket] [http-nio-8080-exec-9] o.s.s.web.DefaultRedirectStrategy        : Redirecting to http://localhost:8080/login
2024-08-24T14:52:06.096+05:30  INFO 100 --- [StockMarket] [main] S.B.StockMarket.StockMarketApplication   : Starting StockMarketApplication using Java 18.0.2.1 with PID 100 (E:\CDAC\Projects\STOCK_Market\StockMarket\target\classes started by lenovo in E:\CDAC\Projects\STOCK_Market\StockMarket)
2024-08-24T14:52:06.140+05:30  INFO 100 --- [StockMarket] [main] S.B.StockMarket.StockMarketApplication   : No active profile set, falling back to 1 default profile: "default"
2024-08-24T14:52:07.344+05:30  INFO 100 --- [StockMarket] [main] .s.d.r.c.RepositoryConfigurationDelegate : Bootstrapping Spring Data JDBC repositories in DEFAULT mode.
2024-08-24T14:52:07.369+05:30  INFO 100 --- [StockMarket] [main] .s.d.r.c.RepositoryConfigurationDelegate : Finished Spring Data repository scanning in 17 ms. Found 0 JDBC repository interfaces.
2024-08-24T14:52:08.194+05:30  INFO 100 --- [StockMarket] [main] o.s.b.w.embedded.tomcat.TomcatWebServer  : Tomcat initialized with port 8080 (http)
2024-08-24T14:52:08.213+05:30  INFO 100 --- [StockMarket] [main] o.apache.catalina.core.StandardService   : Starting service [Tomcat]
2024-08-24T14:52:08.213+05:30  INFO 100 --- [StockMarket] [main] o.apache.catalina.core.StandardEngine    : Starting Servlet engine: [Apache Tomcat/10.1.28]
2024-08-24T14:52:08.305+05:30  INFO 100 --- [StockMarket] [main] o.a.c.c.C.[Tomcat].[localhost].[/]       : Initializing Spring embedded WebApplicationContext
2024-08-24T14:52:08.305+05:30  INFO 100 --- [StockMarket] [main] w.s.c.ServletWebServerApplicationContext : Root WebApplicationContext: initialization completed in 2083 ms
2024-08-24T14:52:08.687+05:30  INFO 100 --- [StockMarket] [main] r$InitializeUserDetailsManagerConfigurer : Global AuthenticationManager configured with UserDetailsService bean with name userDetailsService
2024-08-24T14:52:09.018+05:30 DEBUG 100 --- [StockMarket] [main] o.s.s.web.DefaultSecurityFilterChain     : Will secure any request with filters: DisableEncodeUrlFilter, WebAsyncManagerIntegrationFilter, SecurityContextHolderFilter, HeaderWriterFilter, LogoutFilter, UsernamePasswordAuthenticationFilter, RequestCacheAwareFilter, SecurityContextHolderAwareRequestFilter, AnonymousAuthenticationFilter, ExceptionTranslationFilter, AuthorizationFilter
2024-08-24T14:52:09.277+05:30  INFO 100 --- [StockMarket] [main] com.zaxxer.hikari.HikariDataSource       : HikariPool-1 - Starting...
2024-08-24T14:52:09.738+05:30  INFO 100 --- [StockMarket] [main] com.zaxxer.hikari.pool.HikariPool        : HikariPool-1 - Added connection com.mysql.cj.jdbc.ConnectionImpl@5844a2d1
2024-08-24T14:52:09.744+05:30  INFO 100 --- [StockMarket] [main] com.zaxxer.hikari.HikariDataSource       : HikariPool-1 - Start completed.
2024-08-24T14:52:10.004+05:30  INFO 100 --- [StockMarket] [main] o.s.b.w.embedded.tomcat.TomcatWebServer  : Tomcat started on port 8080 (http) with context path '/'
2024-08-24T14:52:10.020+05:30  INFO 100 --- [StockMarket] [main] S.B.StockMarket.StockMarketApplication   : Started StockMarketApplication in 4.508 seconds (process running for 5.061)
2024-08-24T14:52:34.538+05:30  INFO 100 --- [StockMarket] [http-nio-8080-exec-2] o.a.c.c.C.[Tomcat].[localhost].[/]       : Initializing Spring DispatcherServlet 'dispatcherServlet'
2024-08-24T14:52:34.538+05:30  INFO 100 --- [StockMarket] [http-nio-8080-exec-2] o.s.web.servlet.DispatcherServlet        : Initializing Servlet 'dispatcherServlet'
2024-08-24T14:52:34.544+05:30  INFO 100 --- [StockMarket] [http-nio-8080-exec-2] o.s.web.servlet.DispatcherServlet        : Completed initialization in 6 ms
2024-08-24T14:52:34.569+05:30 DEBUG 100 --- [StockMarket] [http-nio-8080-exec-2] o.s.security.web.FilterChainProxy        : Securing POST /stockmarket/create
2024-08-24T14:52:34.581+05:30 DEBUG 100 --- [StockMarket] [http-nio-8080-exec-2] o.s.s.w.a.AnonymousAuthenticationFilter  : Set SecurityContextHolder to anonymous SecurityContext
2024-08-24T14:52:34.638+05:30 DEBUG 100 --- [StockMarket] [http-nio-8080-exec-2] o.s.s.w.s.HttpSessionRequestCache        : Saved request http://localhost:8080/stockmarket/create?continue to session
2024-08-24T14:52:34.644+05:30 DEBUG 100 --- [StockMarket] [http-nio-8080-exec-2] o.s.s.web.DefaultRedirectStrategy        : Redirecting to http://localhost:8080/login
2024-08-24T14:52:34.668+05:30 DEBUG 100 --- [StockMarket] [http-nio-8080-exec-3] o.s.security.web.FilterChainProxy        : Securing GET /login
2024-08-24T14:52:34.671+05:30 DEBUG 100 --- [StockMarket] [http-nio-8080-exec-3] o.s.security.web.FilterChainProxy        : Secured GET /login
2024-08-24T14:52:34.691+05:30 DEBUG 100 --- [StockMarket] [http-nio-8080-exec-3] o.s.s.w.a.AnonymousAuthenticationFilter  : Set SecurityContextHolder to anonymous SecurityContext
2024-08-24T14:52:34.706+05:30 DEBUG 100 --- [StockMarket] [http-nio-8080-exec-3] o.s.security.web.FilterChainProxy        : Securing GET /error
2024-08-24T14:52:34.707+05:30 DEBUG 100 --- [StockMarket] [http-nio-8080-exec-3] o.s.s.w.a.AnonymousAuthenticationFilter  : Set SecurityContextHolder to anonymous SecurityContext
2024-08-24T14:52:34.717+05:30 DEBUG 100 --- [StockMarket] [http-nio-8080-exec-3] o.s.s.w.s.HttpSessionRequestCache        : Saved request http://localhost:8080/error?continue to session
2024-08-24T14:52:34.718+05:30 DEBUG 100 --- [StockMarket] [http-nio-8080-exec-3] o.s.s.web.DefaultRedirectStrategy        : Redirecting to http://localhost:8080/login
2024-08-24T14:52:34.728+05:30 DEBUG 100 --- [StockMarket] [http-nio-8080-exec-3] o.s.security.web.FilterChainProxy        : Securing GET /login
2024-08-24T14:52:34.731+05:30 DEBUG 100 --- [StockMarket] [http-nio-8080-exec-3] o.s.security.web.FilterChainProxy        : Secured GET /login
2024-08-24T14:52:34.737+05:30 DEBUG 100 --- [StockMarket] [http-nio-8080-exec-3] o.s.s.w.a.AnonymousAuthenticationFilter  : Set SecurityContextHolder to anonymous SecurityContext
2024-08-24T14:52:34.746+05:30 DEBUG 100 --- [StockMarket] [http-nio-8080-exec-3] o.s.security.web.FilterChainProxy        : Securing GET /error
2024-08-24T14:52:34.747+05:30 DEBUG 100 --- [StockMarket] [http-nio-8080-exec-3] o.s.s.w.a.AnonymousAuthenticationFilter  : Set SecurityContextHolder to anonymous SecurityContext
2024-08-24T14:52:34.752+05:30 DEBUG 100 --- [StockMarket] [http-nio-8080-exec-3] o.s.s.w.s.HttpSessionRequestCache        : Saved request http://localhost:8080/error?continue to session
2024-08-24T14:52:34.754+05:30 DEBUG 100 --- [StockMarket] [http-nio-8080-exec-3] o.s.s.web.DefaultRedirectStrategy        : Redirecting to http://localhost:8080/login
2024-08-24T14:52:34.762+05:30 DEBUG 100 --- [StockMarket] [http-nio-8080-exec-3] o.s.security.web.FilterChainProxy        : Securing GET /login
2024-08-24T14:52:34.763+05:30 DEBUG 100 --- [StockMarket] [http-nio-8080-exec-3] o.s.security.web.FilterChainProxy        : Secured GET /login
2024-08-24T14:52:34.767+05:30 DEBUG 100 --- [StockMarket] [http-nio-8080-exec-3] o.s.s.w.a.AnonymousAuthenticationFilter  : Set SecurityContextHolder to anonymous SecurityContext
2024-08-24T14:52:34.772+05:30 DEBUG 100 --- [StockMarket] [http-nio-8080-exec-3] o.s.security.web.FilterChainProxy        : Securing GET /error
2024-08-24T14:52:34.773+05:30 DEBUG 100 --- [StockMarket] [http-nio-8080-exec-3] o.s.s.w.a.AnonymousAuthenticationFilter  : Set SecurityContextHolder to anonymous SecurityContext
2024-08-24T14:52:34.782+05:30 DEBUG 100 --- [StockMarket] [http-nio-8080-exec-3] o.s.s.w.s.HttpSessionRequestCache        : Saved request http://localhost:8080/error?continue to session
2024-08-24T14:52:34.782+05:30 DEBUG 100 --- [StockMarket] [http-nio-8080-exec-3] o.s.s.web.DefaultRedirectStrategy        : Redirecting to http://localhost:8080/login
2024-08-24T14:52:34.791+05:30 DEBUG 100 --- [StockMarket] [http-nio-8080-exec-3] o.s.security.web.FilterChainProxy        : Securing GET /login
2024-08-24T14:52:34.794+05:30 DEBUG 100 --- [StockMarket] [http-nio-8080-exec-3] o.s.security.web.FilterChainProxy        : Secured GET /login
2024-08-24T14:52:34.798+05:30 DEBUG 100 --- [StockMarket] [http-nio-8080-exec-3] o.s.s.w.a.AnonymousAuthenticationFilter  : Set SecurityContextHolder to anonymous SecurityContext
2024-08-24T14:52:34.799+05:30 DEBUG 100 --- [StockMarket] [http-nio-8080-exec-3] o.s.security.web.FilterChainProxy        : Securing GET /error
2024-08-24T14:52:34.802+05:30 DEBUG 100 --- [StockMarket] [http-nio-8080-exec-3] o.s.s.w.a.AnonymousAuthenticationFilter  : Set SecurityContextHolder to anonymous SecurityContext
2024-08-24T14:52:34.804+05:30 DEBUG 100 --- [StockMarket] [http-nio-8080-exec-3] o.s.s.w.s.HttpSessionRequestCache        : Saved request http://localhost:8080/error?continue to session
2024-08-24T14:52:34.804+05:30 DEBUG 100 --- [StockMarket] [http-nio-8080-exec-3] o.s.s.web.DefaultRedirectStrategy        : Redirecting to http://localhost:8080/login
2024-08-24T14:52:34.814+05:30 DEBUG 100 --- [StockMarket] [http-nio-8080-exec-4] o.s.security.web.FilterChainProxy        : Securing GET /login
2024-08-24T14:52:34.814+05:30 DEBUG 100 --- [StockMarket] [http-nio-8080-exec-4] o.s.security.web.FilterChainProxy        : Secured GET /login
2024-08-24T14:52:34.818+05:30 DEBUG 100 --- [StockMarket] [http-nio-8080-exec-4] o.s.s.w.a.AnonymousAuthenticationFilter  : Set SecurityContextHolder to anonymous SecurityContext
2024-08-24T14:52:34.821+05:30 DEBUG 100 --- [StockMarket] [http-nio-8080-exec-4] o.s.security.web.FilterChainProxy        : Securing GET /error
2024-08-24T14:52:34.823+05:30 DEBUG 100 --- [StockMarket] [http-nio-8080-exec-4] o.s.s.w.a.AnonymousAuthenticationFilter  : Set SecurityContextHolder to anonymous SecurityContext
2024-08-24T14:52:34.830+05:30 DEBUG 100 --- [StockMarket] [http-nio-8080-exec-4] o.s.s.w.s.HttpSessionRequestCache        : Saved request http://localhost:8080/error?continue to session
2024-08-24T14:52:34.831+05:30 DEBUG 100 --- [StockMarket] [http-nio-8080-exec-4] o.s.s.web.DefaultRedirectStrategy        : Redirecting to http://localhost:8080/login
2024-08-24T14:52:34.837+05:30 DEBUG 100 --- [StockMarket] [http-nio-8080-exec-4] o.s.security.web.FilterChainProxy        : Securing GET /login
2024-08-24T14:52:34.839+05:30 DEBUG 100 --- [StockMarket] [http-nio-8080-exec-4] o.s.security.web.FilterChainProxy        : Secured GET /login
2024-08-24T14:52:34.843+05:30 DEBUG 100 --- [StockMarket] [http-nio-8080-exec-4] o.s.s.w.a.AnonymousAuthenticationFilter  : Set SecurityContextHolder to anonymous SecurityContext
2024-08-24T14:52:34.844+05:30 DEBUG 100 --- [StockMarket] [http-nio-8080-exec-4] o.s.security.web.FilterChainProxy        : Securing GET /error
2024-08-24T14:52:34.846+05:30 DEBUG 100 --- [StockMarket] [http-nio-8080-exec-4] o.s.s.w.a.AnonymousAuthenticationFilter  : Set SecurityContextHolder to anonymous SecurityContext
2024-08-24T14:52:34.848+05:30 DEBUG 100 --- [StockMarket] [http-nio-8080-exec-4] o.s.s.w.s.HttpSessionRequestCache        : Saved request http://localhost:8080/error?continue to session
2024-08-24T14:52:34.849+05:30 DEBUG 100 --- [StockMarket] [http-nio-8080-exec-4] o.s.s.web.DefaultRedirectStrategy        : Redirecting to http://localhost:8080/login
2024-08-24T14:52:34.852+05:30 DEBUG 100 --- [StockMarket] [http-nio-8080-exec-4] o.s.security.web.FilterChainProxy        : Securing GET /login
2024-08-24T14:52:34.853+05:30 DEBUG 100 --- [StockMarket] [http-nio-8080-exec-4] o.s.security.web.FilterChainProxy        : Secured GET /login
2024-08-24T14:52:34.857+05:30 DEBUG 100 --- [StockMarket] [http-nio-8080-exec-4] o.s.s.w.a.AnonymousAuthenticationFilter  : Set SecurityContextHolder to anonymous SecurityContext
2024-08-24T14:52:34.861+05:30 DEBUG 100 --- [StockMarket] [http-nio-8080-exec-4] o.s.security.web.FilterChainProxy        : Securing GET /error
2024-08-24T14:52:34.861+05:30 DEBUG 100 --- [StockMarket] [http-nio-8080-exec-4] o.s.s.w.a.AnonymousAuthenticationFilter  : Set SecurityContextHolder to anonymous SecurityContext
2024-08-24T14:52:34.862+05:30 DEBUG 100 --- [StockMarket] [http-nio-8080-exec-4] o.s.s.w.s.HttpSessionRequestCache        : Saved request http://localhost:8080/error?continue to session
2024-08-24T14:52:34.864+05:30 DEBUG 100 --- [StockMarket] [http-nio-8080-exec-4] o.s.s.web.DefaultRedirectStrategy        : Redirecting to http://localhost:8080/login
2024-08-24T14:52:34.871+05:30 DEBUG 100 --- [StockMarket] [http-nio-8080-exec-4] o.s.security.web.FilterChainProxy        : Securing GET /login
2024-08-24T14:52:34.871+05:30 DEBUG 100 --- [StockMarket] [http-nio-8080-exec-4] o.s.security.web.FilterChainProxy        : Secured GET /login
2024-08-24T14:52:34.873+05:30 DEBUG 100 --- [StockMarket] [http-nio-8080-exec-4] o.s.s.w.a.AnonymousAuthenticationFilter  : Set SecurityContextHolder to anonymous SecurityContext
2024-08-24T14:52:34.877+05:30 DEBUG 100 --- [StockMarket] [http-nio-8080-exec-4] o.s.security.web.FilterChainProxy        : Securing GET /error
2024-08-24T14:52:34.879+05:30 DEBUG 100 --- [StockMarket] [http-nio-8080-exec-4] o.s.s.w.a.AnonymousAuthenticationFilter  : Set SecurityContextHolder to anonymous SecurityContext
2024-08-24T14:52:34.884+05:30 DEBUG 100 --- [StockMarket] [http-nio-8080-exec-4] o.s.s.w.s.HttpSessionRequestCache        : Saved request http://localhost:8080/error?continue to session
2024-08-24T14:52:34.884+05:30 DEBUG 100 --- [StockMarket] [http-nio-8080-exec-4] o.s.s.web.DefaultRedirectStrategy        : Redirecting to http://localhost:8080/login
2024-08-24T14:52:34.897+05:30 DEBUG 100 --- [StockMarket] [http-nio-8080-exec-4] o.s.security.web.FilterChainProxy        : Securing GET /login
2024-08-24T14:52:34.898+05:30 DEBUG 100 --- [StockMarket] [http-nio-8080-exec-4] o.s.security.web.FilterChainProxy        : Secured GET /login
2024-08-24T14:52:34.903+05:30 DEBUG 100 --- [StockMarket] [http-nio-8080-exec-4] o.s.s.w.a.AnonymousAuthenticationFilter  : Set SecurityContextHolder to anonymous SecurityContext
2024-08-24T14:52:34.904+05:30 DEBUG 100 --- [StockMarket] [http-nio-8080-exec-4] o.s.security.web.FilterChainProxy        : Securing GET /error
2024-08-24T14:52:34.906+05:30 DEBUG 100 --- [StockMarket] [http-nio-8080-exec-4] o.s.s.w.a.AnonymousAuthenticationFilter  : Set SecurityContextHolder to anonymous SecurityContext
2024-08-24T14:52:34.912+05:30 DEBUG 100 --- [StockMarket] [http-nio-8080-exec-4] o.s.s.w.s.HttpSessionRequestCache        : Saved request http://localhost:8080/error?continue to session
2024-08-24T14:52:34.912+05:30 DEBUG 100 --- [StockMarket] [http-nio-8080-exec-4] o.s.s.web.DefaultRedirectStrategy        : Redirecting to http://localhost:8080/login
2024-08-24T14:52:34.920+05:30 DEBUG 100 --- [StockMarket] [http-nio-8080-exec-6] o.s.security.web.FilterChainProxy        : Securing GET /login
2024-08-24T14:52:34.921+05:30 DEBUG 100 --- [StockMarket] [http-nio-8080-exec-6] o.s.security.web.FilterChainProxy        : Secured GET /login
2024-08-24T14:52:34.927+05:30 DEBUG 100 --- [StockMarket] [http-nio-8080-exec-6] o.s.s.w.a.AnonymousAuthenticationFilter  : Set SecurityContextHolder to anonymous SecurityContext
2024-08-24T14:52:34.930+05:30 DEBUG 100 --- [StockMarket] [http-nio-8080-exec-6] o.s.security.web.FilterChainProxy        : Securing GET /error
2024-08-24T14:52:34.930+05:30 DEBUG 100 --- [StockMarket] [http-nio-8080-exec-6] o.s.s.w.a.AnonymousAuthenticationFilter  : Set SecurityContextHolder to anonymous SecurityContext
2024-08-24T14:52:34.932+05:30 DEBUG 100 --- [StockMarket] [http-nio-8080-exec-6] o.s.s.w.s.HttpSessionRequestCache        : Saved request http://localhost:8080/error?continue to session
2024-08-24T14:52:34.932+05:30 DEBUG 100 --- [StockMarket] [http-nio-8080-exec-6] o.s.s.web.DefaultRedirectStrategy        : Redirecting to http://localhost:8080/login
2024-08-24T15:08:05.567+05:30  WARN 100 --- [StockMarket] [HikariPool-1 housekeeper] com.zaxxer.hikari.pool.HikariPool        : HikariPool-1 - Thread starvation or clock leap detected (housekeeper delta=9m25s581ms589µs100ns).
2024-08-24T15:36:30.857+05:30  WARN 100 --- [StockMarket] [HikariPool-1 housekeeper] com.zaxxer.hikari.pool.HikariPool        : HikariPool-1 - Thread starvation or clock leap detected (housekeeper delta=2m54s508ms947µs900ns).
2024-08-24T18:16:41.099+05:30  WARN 100 --- [StockMarket] [HikariPool-1 housekeeper] com.zaxxer.hikari.pool.HikariPool        : HikariPool-1 - Thread starvation or clock leap detected (housekeeper delta=2h7m38s925ms868µs600ns).
